Loop Gain dB20 X,Loop Gain dB20 Y,Loop Gain Phase X,Loop Gain Phase Y
0.1,91.55693860573277,0.1,-179.9809336237895
0.1011579454259899,91.55695750266162,0.1011579454259899,-179.9807408422478
0.1023292992280754,91.55697679782897,0.1023292992280754,-179.9805467482527
0.1035142166679344,91.55699649689109,0.1035142166679344,-179.9803513553654
0.10471285480509,91.55701660933522,0.10471285480509,-179.9801546781194
0.1059253725177289,91.55703714100048,0.1059253725177289,-179.9799567320568
0.1071519305237607,91.55705810064484,0.1071519305237607,-179.9797575337535
0.1083926914021204,91.55707949560365,0.1083926914021204,-179.9795571008524
0.1096478196143186,91.55710133357731,0.1096478196143186,-179.9793554520872
0.1109174815262402,91.55712362285021,0.1109174815262402,-179.9791526073302
0.1122018454301964,91.55714637079487,0.1122018454301964,-179.9789485876043
0.1135010815672316,91.55716958660832,0.1135010815672316,-179.9787434151372
0.1148153621496884,91.55719327861219,0.1148153621496884,-179.9785371133767
0.1161448613840344,91.55721745297582,0.1161448613840344,-179.9783297070359
0.1174897554939531,91.55724212064831,0.1174897554939531,-179.9781212221228
0.118850222743702,91.55726728893063,0.118850222743702,-179.977911685969
0.1202264434617414,91.55729296548887,0.1202264434617414,-179.9777011272804
0.1216186000646369,91.55731916050696,0.1216186000646369,-179.9774895761568
0.1230268770812383,91.55734588154219,0.1230268770812383,-179.9772770641334
0.1244514611771387,91.55737313790354,0.1244514611771387,-179.977063624214
0.1258925411794169,91.55740093809766,0.1258925411794169,-179.9768492909156
0.1273503081016663,91.55742929121531,0.1273503081016663,-179.97663410029
0.1288249551693136,91.55745820572749,0.1288249551693136,-179.9764180899718
0.1303166778452301,91.55748769120007,0.1303166778452301,-179.9762012992086
0.1318256738556409,91.5575177556305,0.1318256738556409,-179.9759837689014
0.1333521432163326,91.55754841037339,0.1333521432163326,-179.9757655416376
0.1348962882591656,91.55757966134738,0.1348962882591656,-179.975546661725
0.1364583136588927,91.55761151957961,0.1364583136588927,-179.9753271752404
0.1380384264602887,91.55764399401801,0.1380384264602887,-179.9751071300468
0.139636836105594,91.55767709390283,0.139636836105594,-179.9748865758498
0.1412537544622757,91.55771082811009,0.1412537544622757,-179.974665564213
0.1428893958511106,91.55774520624601,0.1428893958511106,-179.9744441486058
0.144543977074593,91.5577802373335,0.144543977074593,-179.9742223844394
0.1462177174456721,91.55781593046913,0.1462177174456721,-179.9740003290962
0.1479108388168211,91.55785229522429,0.1479108388168211,-179.9737780419613
0.1496235656094437,91.55788933971147,0.1496235656094437,-179.9735555844662
0.1513561248436212,91.55792707437902,0.1513561248436212,-179.9733330201099
0.1531087461682034,91.557965509165,0.1531087461682034,-179.973110414493
0.1548816618912485,91.55800465083379,0.1548816618912485,-179.9728878353603
0.1566751070108153,91.55804450910581,0.1566751070108153,-179.9726653526196
0.1584893192461117,91.55808509494284,0.1584893192461117,-179.9724430383664
0.1603245390690045,91.5581264152936,0.1603245390690045,-179.9722209669238
0.1621810097358934,91.55816847969818,0.1621810097358934,-179.9719992148656
0.1640589773199544,91.55821129715008,0.1640589773199544,-179.9717778610368
0.1659586907437565,91.55825487638805,0.1659586907437565,-179.9715569865852
0.1678804018122565,91.558299224911,0.1678804018122565,-179.9713366749758
0.1698243652461749,91.55834435342959,0.1698243652461749,-179.9711170120131
0.1717908387157593,91.55839026834957,0.1717908387157593,-179.9708980858708
0.1737800828749381,91.55843697932498,0.1737800828749381,-179.9706799870947
0.1757923613958698,91.55848449389426,0.1757923613958698,-179.9704628086216
0.1778279410038928,91.5585328194142,0.1778279410038928,-179.9702466458051
0.1798870915128793,91.55858196477494,0.1798870915128793,-179.9700315964076
0.1819700858609989,91.55863193766331,0.1819700858609989,-179.9698177606221
0.1840772001468962,91.55868274492767,0.1840772001468962,-179.9696052410661
0.1862087136662873,91.55873439447538,0.1862087136662873,-179.9693941428056
0.1883649089489807,91.55878689151437,0.1883649089489807,-179.9691845733394
0.1905460717963254,91.55884024614322,0.1905460717963254,-179.9689766425917
0.1927524913190942,91.55889446222128,0.1927524913190942,-179.9687704629325
0.1949844599758052,91.55894954773233,0.1949844599758052,-179.9685661491451
0.1972422736114861,91.55900550774163,0.1972422736114861,-179.9683638184316
0.1995262314968887,91.55906234837357,0.1995262314968887,-179.9681635903843
0.2018366363681569,91.55912007495053,0.2018366363681569,-179.9679655869821
0.2041737944669537,91.55917869297815,0.2041737944669537,-179.9677699325628
0.2065380155810538,91.55923820821843,0.2065380155810538,-179.9675767537916
0.2089296130854048,91.55929862380665,0.2089296130854048,-179.9673861796558
0.2113489039836655,91.55935994408316,0.2113489039836655,-179.9671983414034
0.2137962089502241,91.55942217382702,0.2137962089502241,-179.9670133725268
0.2162718523727029,91.55948531602995,0.2162718523727029,-179.9668314087224
0.2187761623949562,91.55954937470618,0.2187761623949562,-179.9666525878257
0.2213094709605647,91.55961434967394,0.2213094709605647,-179.9664770498007
0.223872113856835,91.55968024783201,0.223872113856835,-179.9663049366424
0.226464430759307,91.55974706593446,0.226464430759307,-179.9661363923632
0.2290867652767784,91.55981481007862,0.2290867652767784,-179.9659715629019
0.2317394649968489,91.55988347851613,0.2317394649968489,-179.965810596076
0.2344228815319933,91.55995307187135,0.2344228815319933,-179.9656536414903
0.2371373705661667,91.56002359087876,0.2371373705661667,-179.9655008504963
0.2398832919019502,91.56009503514198,0.2398832919019502,-179.9653523760828
0.2426610095082428,91.56016740254987,0.2426610095082428,-179.9652083728028
0.2454708915685043,91.56024069285303,0.2454708915685043,-179.965068996692
0.2483133105295583,91.56031490426967,0.2483133105295583,-179.9649344051763
0.2511886431509593,91.56039003235401,0.2511886431509593,-179.9648047569567
0.2540972705549318,91.56046607503299,0.2540972705549318,-179.9646802119382
0.2570395782768877,91.56054302870089,0.2570395782768877,-179.9645609310944
0.2600159563165286,91.56062088902229,0.2600159563165286,-179.9644470763885
0.2630267991895396,91.5606996512969,0.2630267991895396,-179.9643388106307
0.2660725059798824,91.56077930903615,0.2660725059798824,-179.9642362973765
0.269153480392693,91.56085985680991,0.269153480392693,-179.9641397008044
0.2722701308077927,91.56094128871362,0.2722701308077927,-179.9640491855858
0.2754228703338182,91.56102359654312,0.2754228703338182,-179.9639649167574
0.2786121168629786,91.56110677224005,0.2786121168629786,-179.9638870595858
0.281838293126447,91.56119080800137,0.281838293126447,-179.9638157794426
0.2851018267503926,91.56127569284811,0.2851018267503926,-179.9637512416487
0.2884031503126623,91.56136141974309,0.2884031503126623,-179.9636936113392
0.2917427014001184,91.56144797551642,0.2917427014001184,-179.9636430533211
0.2951209226666404,91.56153534980824,0.2951209226666404,-179.9635997319182
0.2985382618917978,91.56162353156459,0.2985382618917978,-179.9635638108395
0.3019951720402035,91.56171250768662,0.3019951720402035,-179.9635354530039
0.3054921113215532,91.5618022650382,0.3054921113215532,-179.9635148203886
0.309029543251361,91.56189278887612,0.309029543251361,-179.963502073891
0.3126079367123975,91.56198406697506,0.3126079367123975,-179.9634973731727
0.31622776601684,91.56207608269153,0.31622776601684,-179.9635008764744
0.3198895109691419,91.56216882058564,0.3198895109691419,-179.9635127404827
0.3235936569296304,91.56226226507016,0.3235936569296304,-179.9635331201799
0.3273406948788404,91.56235639781869,0.3273406948788404,-179.9635621686497
0.3311311214825934,91.56245120258424,0.3311311214825934,-179.9636000369613
0.33496543915783,91.56254666081841,0.33496543915783,-179.9636468739923
0.3388441561392049,91.56264275291252,0.3388441561392049,-179.9637028262783
0.3427677865464528,91.56273946031492,0.3427677865464528,-179.963768037843
0.3467368504525341,91.56283676275632,0.3467368504525341,-179.9638426500842
0.3507518739525705,91.56293463992908,0.3507518739525705,-179.9639268016006
0.354813389233578,91.56303307061093,0.354813389233578,-179.9640206280285
0.3589219346450078,91.56313203357756,0.3589219346450078,-179.9641242619471
0.363078054770104,91.56323150511997,0.363078054770104,-179.9642378326875
0.3672823004980874,91.56333146503184,0.3672823004980874,-179.9643614662419
0.3715352290971753,91.56343188894252,0.3715352290971753,-179.9644952850909
0.375837404288447,91.56353275266154,0.375837404288447,-179.9646394081157
0.3801893963205641,91.56363403305485,0.3801893963205641,-179.9647939504549
0.3845917820453566,91.56373570600013,0.3845917820453566,-179.9649590233907
0.3890451449942837,91.5638377461312,0.3890451449942837,-179.9651347342328
0.3935500754557806,91.56394012764105,0.3935500754557806,-179.9653211862405
0.3981071705535005,91.56404282534072,0.3981071705535005,-179.9655184784892
0.4027170343254624,91.56414581473241,0.4027170343254624,-179.9657267058112
0.4073802778041161,91.56424906762766,0.4073802778041161,-179.9659459586765
0.4120975190973337,91.56435255857375,0.4120975190973337,-179.9661763231497
0.4168693834703389,91.56445626091015,0.4168693834703389,-179.9664178808031
0.4216965034285858,91.56456014720669,0.4216965034285858,-179.9666707086541
0.4265795188015963,91.56466419108926,0.4265795188015963,-179.9669348791183
0.431519076827769,91.5647683640629,0.431519076827769,-179.9672104599436
0.4365158322401698,91.56487264022235,0.4365158322401698,-179.967497514201
0.4415704473533164,91.56497699084767,0.4415704473533164,-179.9677961002345
0.446683592150967,91.56508138922435,0.446683592150967,-179.9681062716387
0.4518559443749264,91.5651858061883,0.4518559443749264,-179.9684280772589
0.4570881896148791,91.56529021578598,0.4570881896148791,-179.9687615611691
0.4623810213992645,91.56539458906644,0.4623810213992645,-179.9691067627008
0.4677351412872024,91.56549889864607,0.4677351412872024,-179.9694637164179
0.4731512589614848,91.56560311805131,0.4731512589614848,-179.9698324521792
0.4786300923226428,91.56570721824941,0.4786300923226428,-179.9702129951347
0.4841723675841038,91.5658111723958,0.4841723675841038,-179.9706053657825
0.4897788193684507,91.56591495367965,0.4897788193684507,-179.9710095800083
0.4954501908047949,91.56601853481261,0.4954501908047949,-179.9714256491346
0.501187233627277,91.56612188843042,0.501187233627277,-179.9718535799973
0.5069907082747092,91.56622498935744,0.5069907082747092,-179.972293375001
0.5128613839913697,91.56632780989533,0.5128613839913697,-179.972745032208
0.5188000389289661,91.56643032435186,0.5188000389289661,-179.9732085454164
0.5248074602497776,91.56653250765315,0.5248074602497776,-179.9736839042635
0.5308844442309935,91.56663433380969,0.5308844442309935,-179.9741710942934
0.5370317963702579,91.56673577719479,0.5370317963702579,-179.974670097117
0.5432503314924385,91.56683681517436,0.5432503314924385,-179.9751808904913
0.54954087385763,91.56693742120389,0.54954087385763,-179.9757034484282
0.555904257270409,91.56703757370403,0.555904257270409,-179.9762377413437
0.5623413251903546,91.56713724674674,0.5623413251903546,-179.976783736182
0.5688529308438471,91.56723641922329,0.5688529308438471,-179.9773413965465
0.5754399373371627,91.5673350691464,0.5754399373371627,-179.9779106828506
0.5821032177708773,91.56743317379623,0.5821032177708773,-179.9784915524325
0.5888436553555949,91.56753071220452,0.5888436553555949,-179.9790839597574
0.5956621435290165,91.56762766351073,0.5956621435290165,-179.9796878565179
0.6025595860743639,91.56772400590296,0.6025595860743639,-179.9803031918232
0.6095368972401755,91.56781972257207,0.6095368972401755,-179.9809299123411
0.6165950018614885,91.56791479349297,0.6165950018614885,-179.9815679624718
0.6237348354824257,91.56800919820073,0.6237348354824257,-179.9822172845068
0.6309573444801998,91.56810292178152,0.6309573444801998,-179.9828778187991
0.6382634861905554,91.56819594500985,0.6382634861905554,-179.9835495039134
0.6456542290346623,91.56828825205623,0.6456542290346623,-179.9842322768182
0.6531305526474792,91.56837982617691,0.6531305526474792,-179.9849260730469
0.660693448007603,91.56847065300158,0.660693448007603,-179.9856308268694
0.6683439175686218,91.56856071720921,0.6683439175686218,-179.9863464714444
0.676082975391989,91.56865000512178,0.676082975391989,-179.9870729390061
0.6839116472814367,91.56873850174536,0.6839116472814367,-179.9878101610462
0.691830970918944,91.56882619646919,0.691830970918944,-179.9885580684477
0.6998419960022811,91.56891307634375,0.6998419960022811,-179.989316591676
0.7079457843841457,91.56899912867465,0.7079457843841457,-179.9900856609372
0.7161434102129099,91.5690843444934,0.7161434102129099,-179.990865206353
0.7244359600749981,91.56916871333323,0.7244359600749981,-179.9916551580948
0.7328245331389123,91.56925222374042,0.7328245331389123,-179.9924554465628
0.7413102413009258,91.56933486904698,0.7413102413009258,-179.9932660025484
0.7498942093324643,91.56941664035601,0.7498942093324643,-179.9940867573673
0.7585775750291924,91.56949752964718,0.7585775750291924,-179.9949176430277
0.7673614893618278,91.56957752937488,0.7673614893618278,-179.9957585923591
0.7762471166287007,91.56965663422207,0.7762471166287007,-179.9966095391835
0.7852356346100809,91.56973483854271,0.7852356346100809,-179.9974704184287
0.7943282347242908,91.56981213599651,0.7943282347242908,-179.9983411662779
0.8035261221856267,91.56988852261796,0.8035261221856267,-179.9992217203058
0.8128305161641088,91.56996399374728,0.8128305161641088,-180.0001120195898
0.8222426499470809,91.57003854673431,0.8222426499470809,-180.001012004862
0.8317637711026808,91.57011217892878,0.8317637711026808,-180.0019216186081
0.8413951416452051,91.5701848875344,0.8413951416452051,-180.0028408051901
0.8511380382023866,91.57025667019325,0.8511380382023866,-180.0037695109553
0.860993752184611,91.57032752652059,0.860993752184611,-180.0047076843555
0.8709635899560912,91.57039745551054,0.8709635899560912,-180.005655276039
0.8810488730080249,91.57046645641303,0.8810488730080249,-180.0066122389483
0.8912509381337566,91.57053453026846,0.8912509381337566,-180.0075785284368
0.9015711376059681,91.57060167753261,0.9015711376059681,-180.0085541023172
0.9120108393559211,91.57066789928245,0.9120108393559211,-180.009538920987
0.9225714271547747,91.57073319648538,0.9225714271547747,-180.0105329474933
0.9332543007970028,91.57079757167993,0.9332543007970028,-180.0115361476136
0.9440608762859353,91.57086102791629,0.9440608762859353,-180.0125484899207
0.954992586021448,91.57092356733099,0.954992586021448,-180.0135699458668
0.9660508789898257,91.57098519385104,0.9660508789898257,-180.0146004898329
0.9772372209558232,91.57104591078215,0.9772372209558232,-180.0156400991948
0.9885530946569516,91.57110572124708,0.9885530946569516,-180.0166887543772
1.000000000000013,91.57116463099956,1.000000000000013,-180.0177464389274
1.011579454259912,91.57122264466031,1.011579454259912,-180.0188131395284
1.023292992280768,91.57127976619191,1.023292992280768,-180.0198888460677
1.035142166679358,91.57133600131077,1.035142166679358,-180.0209735516685
1.047128548050914,91.57139135602534,1.047128548050914,-180.0220672527467
1.059253725177303,91.57144583670912,1.059253725177303,-180.0231699490182
1.071519305237621,91.5714994486388,1.071519305237621,-180.0242816435434
1.083926914021218,91.57155219807731,1.083926914021218,-180.0254023427608
1.0964781961432,91.57160409231028,1.0964781961432,-180.0265320564992
1.109174815262416,91.57165513814769,1.109174815262416,-180.0276707980189
1.122018454301979,91.57170534254499,1.122018454301979,-180.0288185840059
1.135010815672331,91.57175471249353,1.135010815672331,-180.0299754346025
1.148153621496899,91.57180325633598,1.148153621496899,-180.0311413734294
1.161448613840359,91.57185098131789,1.161448613840359,-180.0323164275819
1.174897554939546,91.57189789504933,1.174897554939546,-180.0335006276417
1.188502227437035,91.57194400510285,1.188502227437035,-180.0346940076852
1.20226443461743,91.57198932073112,1.20226443461743,-180.0358966053071
1.216186000646385,91.57203385027199,1.216186000646385,-180.0371084615887
1.230268770812399,91.57207760092925,1.230268770812399,-180.0383296211192
1.244514611771403,91.5721205819155,1.244514611771403,-180.0395601319956
1.258925411794185,91.57216280185725,1.258925411794185,-180.0408000458149
1.27350308101668,91.57220426945274,1.27350308101668,-180.042049417673
1.288249551693153,91.57224499266775,1.288249551693153,-180.0433083061498
1.303166778452319,91.57228498195178,1.303166778452319,-180.044576773335
1.318256738556427,91.57232424391512,1.318256738556427,-180.0458548847532
1.333521432163344,91.57236279002734,1.333521432163344,-180.0471427094505
1.348962882591674,91.57240062748001,1.348962882591674,-180.0484403198812
1.364583136588945,91.57243776653287,1.364583136588945,-180.0497477919902
1.380384264602906,91.57247421605491,1.380384264602906,-180.0510652051266
1.396368361055959,91.57250998326842,1.396368361055959,-180.0523926420648
1.412537544622776,91.57254507937722,1.412537544622776,-180.0537301890142
1.428893958511125,91.57257951339014,1.428893958511125,-180.0550779355692
1.44543977074595,91.57261329387508,1.44543977074595,-180.0564359746942
1.462177174456741,91.57264642965333,1.462177174456741,-180.0578044027287
1.479108388168231,91.57267892939755,1.479108388168231,-180.0591833193657
1.496235656094457,91.57271080302046,1.496235656094457,-180.0605728276516
1.513561248436232,91.57274206017627,1.513561248436232,-180.0619730339398
1.531087461682054,91.57277270898136,1.531087461682054,-180.0633840478921
1.548816618912506,91.57280275773198,1.548816618912506,-180.0648059824586
1.566751070108174,91.57283221643924,1.566751070108174,-180.0662389538841
1.584893192461139,91.5728610940147,1.584893192461139,-180.0676830816697
1.603245390690067,91.57288939885504,1.603245390690067,-180.0691384885485
1.621810097358956,91.57291713949991,1.621810097358956,-180.0706053005021
1.640589773199566,91.5729443252531,1.640589773199566,-180.0720836467309
1.659586907437588,91.57297096377016,1.659586907437588,-180.0735736596217
1.678804018122588,91.57299706489613,1.678804018122588,-180.0750754747739
1.698243652461772,91.57302263686407,1.698243652461772,-180.0765892309552
1.717908387157617,91.57304768779368,1.717908387157617,-180.0781150700907
1.737800828749404,91.57307222569095,1.737800828749404,-180.0796531372505
1.757923613958722,91.57309625932554,1.757923613958722,-180.0812035806618
1.778279410038953,91.57311979724358,1.778279410038953,-180.0827665516731
1.798870915128818,91.57314284681739,1.798870915128818,-180.0843422047321
1.819700858610014,91.57316541698651,1.819700858610014,-180.0859306974224
1.840772001468987,91.57318751434678,1.840772001468987,-180.0875321903857
1.862087136662899,91.57320914848657,1.862087136662899,-180.0891468473921
1.883649089489833,91.57323032537099,1.883649089489833,-180.0907748352487
1.90546071796328,91.57325105337253,1.90546071796328,-180.0924163238614
1.927524913190969,91.57327134217469,1.927524913190969,-180.0940714862137
1.949844599758079,91.57329119582678,1.949844599758079,-180.0957404982837
1.972422736114888,91.57331062319771,1.972422736114888,-180.0974235391592
1.995262314968914,91.57332963165233,1.995262314968914,-180.0991207909559
2.018366363681596,91.57334822884236,2.018366363681596,-180.1008324388377
2.041737944669565,91.5733664213904,2.041737944669565,-180.1025586709973
2.065380155810566,91.57338421642493,2.065380155810566,-180.1042996786692
2.089296130854076,91.5734016198622,2.089296130854076,-180.1060556561132
2.113489039836684,91.57341863969584,2.113489039836684,-180.1078268006468
2.13796208950227,91.5734352820125,2.13796208950227,-180.1096133126001
2.162718523727059,91.57345155395232,2.162718523727059,-180.1114153953555
2.187761623949592,91.57346746202755,2.187761623949592,-180.1132332553231
2.213094709605677,91.57348301095254,2.213094709605677,-180.115067101928
2.23872113856838,91.57349820930931,2.23872113856838,-180.1169171476956
2.2646443075931,91.5735130617982,2.2646443075931,-180.1187836081432
2.290867652767814,91.57352757486679,2.290867652767814,-180.1206667018685
2.317394649968521,91.57354175451664,2.317394649968521,-180.1225666505189
2.344228815319965,91.57355560622987,2.344228815319965,-180.1244836788016
2.371373705661699,91.5735691367602,2.371373705661699,-180.1264180145186
2.398832919019534,91.57358235080638,2.398832919019534,-180.1283698885202
2.42661009508246,91.57359525364382,2.42661009508246,-180.1303395347587
2.454708915685075,91.573607851234,2.454708915685075,-180.1323271902959
2.483133105295616,91.57362014989545,2.483133105295616,-180.1343330953177
2.511886431509626,91.57363215348879,2.511886431509626,-180.1363574930903
2.540972705549352,91.5736438659022,2.540972705549352,-180.1384006300196
2.570395782768911,91.57365529496245,2.570395782768911,-180.1404627557278
2.60015956316532,91.57366644472184,2.60015956316532,-180.1425441229399
2.630267991895431,91.57367731893063,2.630267991895431,-180.144644987558
2.660725059798859,91.57368792366866,2.660725059798859,-180.1467656087169
2.691534803926966,91.57369826251995,2.691534803926966,-180.1489062487298
2.722701308077964,91.57370834106868,2.722701308077964,-180.1510671731695
2.754228703338219,91.5737181627683,2.754228703338219,-180.1532486508255
2.786121168629824,91.57372773160979,2.786121168629824,-180.1554509537651
2.818382931264508,91.57373705329104,2.818382931264508,-180.1576743573794
2.851018267503964,91.57374613072045,2.851018267503964,-180.1599191403183
2.884031503126661,91.5737549693537,2.884031503126661,-180.1621855846154
2.917427014001223,91.5737635705039,2.917427014001223,-180.1644739755789
2.951209226666443,91.57377194124756,2.951209226666443,-180.1667846020097
2.985382618918018,91.57378008342152,2.985382618918018,-180.1691177560112
3.019951720402075,91.57378800129905,3.019951720402075,-180.1714737331665
3.054921113215573,91.57379569756853,3.054921113215573,-180.1738528324765
3.090295432513651,91.57380317614783,3.090295432513651,-180.1762553564566
3.126079367124017,91.57381044196475,3.126079367124017,-180.1786816111521
3.162277660168442,91.57381749635078,3.162277660168442,-180.1811319060691
3.198895109691462,91.57382434270674,3.198895109691462,-180.1836065543265
3.235936569296348,91.57383098529615,3.235936569296348,-180.1861058726618
3.273406948788448,91.57383742675916,3.273406948788448,-180.1886301814049
3.311311214825978,91.57384366964749,3.311311214825978,-180.1911798045432
3.349654391578345,91.57384971777667,3.349654391578345,-180.1937550697888
3.388441561392094,91.57385557227772,3.388441561392094,-180.1963563085137
3.427677865464573,91.57386123715304,3.427677865464573,-180.1989838559199
3.467368504525387,91.57386671499918,3.467368504525387,-180.2016380509679
3.507518739525752,91.57387200700653,3.507518739525752,-180.2043192364187
3.548133892335827,91.57387711785705,3.548133892335827,-180.2070277589816
3.589219346450126,91.57388204819385,3.589219346450126,-180.2097639691708
3.630780547701089,91.5738868004693,3.630780547701089,-180.2125282214878
3.672823004980923,91.57389137740941,3.672823004980923,-180.2153208744185
3.715352290971803,91.57389578215961,3.715352290971803,-180.2181422904811
3.75837404288452,91.57390001473848,3.75837404288452,-180.2209928361722
3.801893963205692,91.57390407850752,3.801893963205692,-180.2238728821749
3.845917820453617,91.57390797450459,3.845917820453617,-180.226782803253
3.890451449942888,91.57391170546461,3.890451449942888,-180.2297229783987
3.935500754557858,91.57391527245586,3.935500754557858,-180.2326937907883
3.981071705535058,91.57391867707295,3.981071705535058,-180.2356956278838
4.027170343254677,91.57392192070505,4.027170343254677,-180.2387288814547
4.073802778041214,91.57392500603419,4.073802778041214,-180.2417939476709
4.12097519097339,91.57392793396409,4.12097519097339,-180.2448912270584
4.168693834703443,91.57393070530119,4.168693834703443,-180.2480211245966
4.216965034285913,91.57393332148514,4.216965034285913,-180.2511840497837
4.265795188016019,91.57393578429576,4.265795188016019,-180.2543804166788
4.315190768277746,91.57393809402475,4.315190768277746,-180.2576106438979
4.365158322401754,91.57394025327677,4.365158322401754,-180.2608751547776
4.415704473533221,91.57394226137603,4.415704473533221,-180.2641743772552
4.466835921509729,91.57394412050664,4.466835921509729,-180.2675087441082
4.518559443749322,91.57394583000968,4.518559443749322,-180.2708786928314
4.57088189614885,91.57394739179247,4.57088189614885,-180.274284665859
4.623810213992704,91.57394880634349,4.623810213992704,-180.2777271104914
4.677351412872085,91.57395007441323,4.677351412872085,-180.2812064790052
4.731512589614909,91.57395119748861,4.731512589614909,-180.2847232287266
4.78630092322649,91.57395217325957,4.78630092322649,-180.2882778219321
4.841723675841101,91.5739530055246,4.841723675841101,-180.2918707262386
4.897788193684572,91.57395369157862,4.897788193684572,-180.2955024142397
4.954501908048013,91.5739542340559,4.954501908048013,-180.2991733639627
5.011872336272836,91.57395463179066,5.011872336272836,-180.3028840586168
5.069907082747158,91.57395488595736,5.069907082747158,-180.3066349868679
5.128613839913765,91.57395499557374,5.128613839913765,-180.3104266427371
5.188000389289729,91.5739549604608,5.188000389289729,-180.3142595257709
5.248074602497845,91.57395478160754,5.248074602497845,-180.3181341411177
5.308844442310004,91.57395445813603,5.308844442310004,-180.3220509994822
5.37031796370265,91.5739539906269,5.37031796370265,-180.326010617309
5.432503314924457,91.57395337764584,5.432503314924457,-180.3300135167197
5.495408738576372,91.57395261976355,5.495408738576372,-180.3340602257321
5.559042572704164,91.5739517152048,5.559042572704164,-180.3381512781596
5.623413251903621,91.57395066489201,5.623413251903621,-180.3422872138738
5.688529308438547,91.57394946747267,5.688529308438547,-180.3464685786815
5.754399373371704,91.57394812213319,5.754399373371704,-180.3506959245023
5.82103217770885,91.57394662845144,5.82103217770885,-180.3549698094355
5.888436553556027,91.57394498610329,5.888436553556027,-180.3592907978204
5.956621435290244,91.57394319281445,5.956621435290244,-180.363659460221
6.025595860743719,91.57394124859964,6.025595860743719,-180.3680763736783
6.095368972401835,91.57393915188658,6.095368972401835,-180.3725421216207
6.165950018614967,91.57393690258543,6.165950018614967,-180.3770572940706
6.23734835482434,91.5739344979569,6.23734835482434,-180.3816224875412
6.309573444802082,91.57393193780167,6.309573444802082,-180.3862383053395
6.382634861905638,91.57392922010922,6.382634861905638,-180.3909053574537
6.456542290346708,91.57392634357869,6.456542290346708,-180.395624260742
6.531305526474878,91.5739233067402,6.531305526474878,-180.4003956389757
6.606934480076117,91.5739201080998,6.606934480076117,-180.4052201229248
6.683439175686305,91.57391674555311,6.683439175686305,-180.4100983504131
6.760829753919979,91.57391321674939,6.760829753919979,-180.4150309664163
6.839116472814457,91.57390952153929,6.839116472814457,-180.4200186232645
6.918309709189531,91.57390565681911,6.918309709189531,-180.4250619804803
6.998419960022903,91.57390162073304,6.998419960022903,-180.430161705065
7.07945784384155,91.57389741062451,7.07945784384155,-180.4353184714846
7.161434102129194,91.57389302475261,7.161434102129194,-180.4405329618457
7.244359600750077,91.57388846002412,7.244359600750077,-180.4458058658682
7.328245331389219,91.5738837152816,7.328245331389219,-180.4511378811442
7.413102413009356,91.57387878709805,7.413102413009356,-180.4565297130121
7.498942093324741,91.57387367299174,7.498942093324741,-180.4619820748142
7.585775750292023,91.57386837073004,7.585775750292023,-180.4674956879552
7.673614893618377,91.57386287679213,7.673614893618377,-180.4730712819135
7.762471166287108,91.57385718848732,7.762471166287108,-180.4787095944498
7.852356346100912,91.57385130249098,7.852356346100912,-180.4844113716241
7.943282347243012,91.57384521630455,7.943282347243012,-180.4901773679751
8.035261221856372,91.57383892646249,8.035261221856372,-180.496008346518
8.128305161641194,91.57383242962675,8.128305161641194,-180.5019050789063
8.222426499470915,91.57382572225575,8.222426499470915,-180.507868345512
8.317637711026917,91.57381880052894,8.317637711026917,-180.5138989355258
8.413951416452161,91.57381166103912,8.413951416452161,-180.5199976470977
8.511380382023978,91.57380430020541,8.511380382023978,-180.5261652874115
8.609937521846222,91.57379671339348,8.609937521846222,-180.5324026727338
8.709635899561025,91.57378889732573,8.709635899561025,-180.5387106286678
8.810488730080364,91.57378084836085,8.810488730080364,-180.5450899901594
8.912509381337681,91.5737725604078,8.912509381337681,-180.5515416014716
9.015711376059798,91.57376402949234,9.015711376059798,-180.5580663165819
9.120108393559329,91.57375525313292,9.120108393559329,-180.5646649992611
9.225714271547867,91.573746224709,9.225714271547867,-180.5713385228221
9.332543007970148,91.57373694000121,9.332543007970148,-180.5780877706544
9.440608762859474,91.57372739386217,9.440608762859474,-180.5849136361263
9.549925860214604,91.57371758090815,9.549925860214604,-180.5918170227447
9.660508789898381,91.57370749679545,9.660508789898381,-180.598798844362
9.772372209558359,91.57369713660911,9.772372209558359,-180.6058600251891
9.885530946569643,91.573686492886,9.885530946569643,-180.6130014997734
10.00000000000026,91.57367556182541,10.00000000000026,-180.6202242135569
10.11579454259925,91.57366433670667,10.11579454259925,-180.627529122539
10.23292992280781,91.57365281150427,10.23292992280781,-180.6349171936559
10.35142166679371,91.57364098033638,10.35142166679371,-180.6423894048691
10.47128548050927,91.57362883764392,10.47128548050927,-180.6499467453092
10.59253725177317,91.57361637646936,10.59253725177317,-180.6575902152767
10.71519305237635,91.57360358954946,10.71519305237635,-180.6653208264522
10.83926914021232,91.57359047007918,10.83926914021232,-180.6731396020875
10.96478196143214,91.57357701196376,10.96478196143214,-180.6810475771621
11.09174815262431,91.57356320820656,11.09174815262431,-180.6890457983953
11.22018454301993,91.57354905061275,11.22018454301993,-180.6971353243564
11.35010815672345,91.57353453205124,11.35010815672345,-180.7053172257826
11.48153621496914,91.57351964498869,11.48153621496914,-180.7135925856044
11.61448613840374,91.57350438203332,11.61448613840374,-180.7219624991324
11.74897554939561,91.57348873392047,11.74897554939561,-180.7304280740328
11.8850222743705,91.57347269268786,11.8850222743705,-180.7389904307344
12.02264434617445,91.57345625013599,12.02264434617445,-180.7476507024509
12.16186000646401,91.57343939778693,12.16186000646401,-180.7564100353251
12.30268770812415,91.5734221259292,12.30268770812415,-180.765269588495
12.44514611771419,91.57340442584244,12.44514611771419,-180.7742305344388
12.58925411794201,91.57338628902494,12.58925411794201,-180.7832940590648
12.73503081016696,91.57336770367964,12.73503081016696,-180.792461361549
12.88249551693169,91.57334866223817,12.88249551693169,-180.8017336551696
13.03166778452335,91.57332915335112,13.03166778452335,-180.8111121667427
13.18256738556443,91.57330916685339,13.18256738556443,-180.8205981372324
13.33521432163361,91.57328869247914,13.33521432163361,-180.8301928217984
13.48962882591691,91.57326771835778,13.48962882591691,-180.8398974898151
13.64583136588962,91.57324623502829,13.64583136588962,-180.8497134254239
13.80384264602923,91.57322423035302,13.80384264602923,-180.8596419272121
13.96368361055976,91.57320169148518,13.96368361055976,-180.8696843085664
14.12537544622793,91.57317860928484,14.12537544622793,-180.879841898289
14.28893958511143,91.57315496866386,14.28893958511143,-180.8901160398055
14.45439770745968,91.57313075881261,14.45439770745968,-180.9005080923677
14.62177174456759,91.57310596621279,14.62177174456759,-180.9110194305247
14.79108388168249,91.57308057759073,14.79108388168249,-180.9216514446021
14.96235656094475,91.57305457950834,14.96235656094475,-180.9324055408423
15.13561248436251,91.57302795850215,15.13561248436251,-180.9432831416047
15.31087461682073,91.57300070147785,15.31087461682073,-180.9542856855964
15.48816618912525,91.5729727912807,15.48816618912525,-180.9654146275716
15.66751070108194,91.57294421586082,15.66751070108194,-180.9766714395287
15.84893192461159,91.57291495847096,15.84893192461159,-180.9880576098218
16.03245390690087,91.57288500496762,16.03245390690087,-180.999574644167
16.21810097358976,91.57285433854015,16.21810097358976,-181.011224065244
16.40589773199586,91.57282294156616,16.40589773199586,-181.0230074130987
16.59586907437609,91.57279079958613,16.59586907437609,-181.034926245812
16.78804018122609,91.57275789537438,16.78804018122609,-181.0469821390152
16.98243652461794,91.57272421097646,16.98243652461794,-181.059176686324
17.17908387157638,91.57268972784605,17.17908387157638,-181.0715114995633
17.37800828749426,91.57265442884535,17.37800828749426,-181.0839882092229
17.57923613958744,91.57261829450792,17.57923613958744,-181.0966084642108
17.78279410038975,91.572581307085,17.78279410038975,-181.1093739325715
17.98870915128841,91.57254344527323,17.98870915128841,-181.122286301037
18.19700858610037,91.57250469030673,18.19700858610037,-181.1353472760176
18.4077200146901,91.57246501991715,18.4077200146901,-181.1485585830484
18.62087136662923,91.5724244158136,18.62087136662923,-181.1619219679902
18.83649089489857,91.57238285362284,18.83649089489857,-181.1754391959288
19.05460717963304,91.57234031314579,19.05460717963304,-181.1891120527629
19.27524913190994,91.57229677085495,19.27524913190994,-181.2029423444355
19.49844599758104,91.57225220437704,19.49844599758104,-181.2169318977706
19.72422736114913,91.57220659017867,19.72422736114913,-181.2310825603962
19.9526231496894,91.57215990410195,19.9526231496894,-181.2453962010549
20.18366363681622,91.57211212113248,20.18366363681622,-181.2598747098116
20.41737944669591,91.57206321575161,20.41737944669591,-181.2745199983442
20.65380155810592,91.57201316225196,20.65380155810592,-181.2893340002407
20.89296130854103,91.57196193465055,20.89296130854103,-181.3043186712362
21.13489039836711,91.57190950451908,21.13489039836711,-181.3194759891411
21.37962089502297,91.57185584520803,21.37962089502297,-181.3348079547248
21.62718523727087,91.57180092879919,21.62718523727087,-181.3503165915243
21.8776162394962,91.57174472532355,21.8776162394962,-181.3660039459753
22.13094709605706,91.57168720493812,22.13094709605706,-181.3818720880053
22.38721138568409,91.57162833758122,22.38721138568409,-181.3979231112575
22.6464430759313,91.57156809178753,22.6464430759313,-181.4141591331646
22.90867652767844,91.57150643602321,22.90867652767844,-181.4305822954374
23.17394649968551,91.57144333698858,23.17394649968551,-181.4471947640613
23.44228815319995,91.57137876274277,23.44228815319995,-181.4639987300904
23.71373705661729,91.5713126779368,23.71373705661729,-181.4809964091353
23.98832919019565,91.57124504774117,23.98832919019565,-181.498190042298
24.26610095082491,91.57117583589114,24.26610095082491,-181.5155818961329
24.54708915685107,91.57110500718852,24.54708915685107,-181.5331742633625
24.83133105295648,91.57103252255075,24.83133105295648,-181.5509694623163
25.11886431509659,91.57095834501867,25.11886431509659,-181.5689698382707
25.40972705549385,91.57088243473169,25.40972705549385,-181.5871777628665
25.70395782768945,91.57080475161037,25.70395782768945,-181.6055956348793
26.00159563165354,91.57072525409328,26.00159563165354,-181.6242258803022
26.30267991895465,91.57064389995556,26.30267991895465,-181.6430709527957
26.60725059798894,91.57056064793045,26.60725059798894,-181.6621333343134
26.91534803927001,91.57047545242679,26.91534803927001,-181.6814155344203
27.22701308077999,91.57038826803537,27.22701308077999,-181.7009200914467
27.54228703338255,91.57029905012587,27.54228703338255,-181.720649572948
27.8612116862986,91.57020775084152,27.8612116862986,-181.7406065752419
28.18382931264545,91.57011432177725,28.18382931264545,-181.7607937242554
28.51018267504001,91.5700187127125,28.51018267504001,-181.7812136756033
28.84031503126699,91.56992087545649,28.84031503126699,-181.8018691157057
29.17427014001262,91.56982075498374,29.17427014001262,-181.8227627603103
29.51209226666482,91.569718301349,29.51209226666482,-181.8438973572866
29.85382618918057,91.56961346041997,29.85382618918057,-181.8652756850622
30.19951720402115,91.569506173338,30.19951720402115,-181.8869005528135
30.54921113215613,91.56939638601995,30.54921113215613,-181.9087748028603
30.90295432513692,91.56928404124062,30.90295432513692,-181.9309013093372
31.26079367124058,91.56916907831064,31.26079367124058,-181.9532829784576
31.62277660168483,91.56905143589341,31.62277660168483,-181.975922749485
31.98895109691503,91.56893105292268,31.98895109691503,-181.9988235953208
32.3593656929639,91.56880786546638,32.3593656929639,-182.0219885221605
32.7340694878849,91.56868180797136,32.7340694878849,-182.0454205701476
33.11311214826021,91.56855281454376,33.11311214826021,-182.0691228140404
33.49654391578388,91.56842081745368,33.49654391578388,-182.0930983632583
33.88441561392138,91.56828574611404,33.88441561392138,-182.1173503620025
34.27677865464618,91.56814752978219,34.27677865464618,-182.1418819902945
34.67368504525432,91.56800609489424,34.67368504525432,-182.166696463722
35.07518739525798,91.56786136626827,35.07518739525798,-182.191797034116
35.48133892335874,91.56771326947441,35.48133892335874,-182.217186990556
35.89219346450173,91.56756172440708,35.89219346450173,-182.2428696581482
36.30780547701136,91.56740665185134,36.30780547701136,-182.268848400084
36.7282300498097,91.56724796942585,36.7282300498097,-182.2951266170195
37.15352290971851,91.56708559548221,37.15352290971851,-182.3217077485064
37.58374042884569,91.56691944179848,37.58374042884569,-182.3485952714778
38.01893963205741,91.56674942138137,38.01893963205741,-182.3757927027225
38.45917820453666,91.56657544513608,38.45917820453666,-182.4033035984407
38.90451449942938,91.56639742156401,38.90451449942938,-182.4311315545833
39.35500754557908,91.56621525602205,39.35500754557908,-182.4592802070698
39.81071705535108,91.56602885238888,39.81071705535108,-182.487753232681
40.27170343254728,91.56583811275962,40.27170343254728,-182.5165543494186
40.73802778041266,91.56564293630029,40.73802778041266,-182.5456873166186
41.20975190973443,91.56544322112936,41.20975190973443,-182.5751559359454
41.68693834703497,91.56523885729635,41.68693834703497,-182.604964049755
42.16965034285967,91.56502974420218,42.16965034285967,-182.6351155467299
42.65795188016073,91.56481576847186,42.65795188016073,-182.6656143557593
43.15190768277801,91.56459681743245,43.15190768277801,-182.6964644503945
43.6515832240181,91.5643727760996,43.6515832240181,-182.7276698484283
44.15704473533278,91.56414352503907,44.15704473533278,-182.7592346116871
44.66835921509786,91.56390894479208,44.66835921509786,-182.7911628478875
45.1855944374938,91.56366891201964,45.1855944374938,-182.8234587099109
45.70881896148909,91.56342329980397,45.70881896148909,-182.8561263963603
46.23810213992764,91.56317197871388,46.23810213992764,-182.8891701523815
46.77351412872145,91.56291481702985,46.77351412872145,-182.922594270232
47.3151258961497,91.56265167950912,47.3151258961497,-182.9564030893609
47.86300923226551,91.56238242746213,47.86300923226551,-182.9906009969216
48.41723675841163,91.56210691955643,48.41723675841163,-183.0251924285402
48.97788193684634,91.56182500981188,48.97788193684634,-183.0601818681153
49.54501908048077,91.56153655109892,49.54501908048077,-183.095573849543
50.118723362729,91.56124139203669,50.118723362729,-183.1313729561491
50.69907082747223,91.56093937728025,50.69907082747223,-183.1675838212819
51.28613839913831,91.56063034751419,51.28613839913831,-183.2042111288178
51.88000389289796,91.5603141403556,51.88000389289796,-183.2412596140023
52.48074602497913,91.55999059030736,52.48074602497913,-183.2787340639593
53.08844442310073,91.55965952739808,53.08844442310073,-183.316639317713
53.7031796370272,91.55932077771497,53.7031796370272,-183.3549802669031
54.32503314924527,91.55897416302395,54.32503314924527,-183.3937618561624
54.95408738576443,91.55861950308348,54.95408738576443,-183.4329890845478
55.59042572704236,91.55825661016068,55.59042572704236,-183.4726670039419
56.23413251903693,91.55788529454694,56.23413251903693,-183.5128007217271
56.8852930843862,91.55750536169251,56.8852930843862,-183.5533954002238
57.54399373371778,91.55711661181714,57.54399373371778,-183.5944562570401
58.21032177708926,91.55671884162979,58.21032177708926,-183.6359885663308
58.88436553556104,91.55631184324234,58.88436553556104,-183.677997658899
59.56621435290322,91.5558954031178,59.56621435290322,-183.720488922304
60.25595860743798,91.55546930269114,60.25595860743798,-183.763467801653
60.95368972401915,91.55503331895113,60.95368972401915,-183.8069398004061
61.65950018615048,91.55458722461886,61.65950018615048,-183.8509104810203
62.37348354824422,91.55413078533998,62.37348354824422,-183.8953854642714
63.09573444802164,91.5536637629522,63.09573444802164,-183.9403704312463
63.82634861905722,91.5531859132185,63.82634861905722,-183.9858711228936
64.56542290346793,91.55269698668725,64.56542290346793,-184.0318933409752
65.31305526474965,91.55219672736698,65.31305526474965,-184.0784429480078
66.06934480076205,91.55168487412666,66.06934480076205,-184.1255258684731
66.83439175686395,91.55116116041978,66.83439175686395,-184.1731480892589
67.60829753920071,91.55062531236911,67.60829753920071,-184.2213156593166
68.3911647281455,91.55007705034055,68.3911647281455,-184.2700346909549
69.18309709189624,91.54951608778617,69.18309709189624,-184.3193113598456
69.98419960022999,91.54894213317445,69.98419960022999,-184.3691519065447
70.79457843841647,91.54835488737363,70.79457843841647,-184.4195626357628
71.61434102129292,91.54775404415865,71.61434102129292,-184.4705499171639
72.44359600750175,91.54713929031473,72.44359600750175,-184.5221201859731
73.28245331389319,91.54651030748127,73.28245331389319,-184.5742799445127
74.13102413009456,91.54586676665451,74.13102413009456,-184.6270357598802
74.98942093324843,91.54520833343993,74.98942093324843,-184.68039426725
75.85775750292126,91.54453466643488,75.85775750292126,-184.7343621695992
76.73614893618482,91.54384541564511,76.73614893618482,-184.7889462374055
77.62471166287213,91.54314022216934,77.62471166287213,-184.8441533090113
78.52356346101017,91.54241871987686,78.52356346101017,-184.8999902920757
79.43282347243118,91.54168053577339,79.43282347243118,-184.95646416436
80.3526122185648,91.54092528687983,80.3526122185648,-185.0135819725165
81.28305161641305,91.54015258055625,81.28305161641305,-185.0713508327695
82.22426499471028,91.53936201456803,82.22426499471028,-185.1297779314511
83.17637711027031,91.5385531851242,83.17637711027031,-185.1888705303053
84.13951416452277,91.53772567054241,84.13951416452277,-185.2486359574012
85.11380382024095,91.53687904450287,85.11380382024095,-185.3090816154648
86.09937521846341,91.53601286746876,86.09937521846341,-185.3702149772332
87.09635899561145,91.53512669361817,87.09635899561145,-185.4320435901956
88.10488730080485,91.53422006389057,88.10488730080485,-185.4945750728058
89.12509381337804,91.5332925119296,89.12509381337804,-185.5578171186691
90.15711376059923,91.53234355857248,90.15711376059923,-185.6217774935739
91.20108393559457,91.53137271611557,91.20108393559457,-185.6864640386695
92.25714271547996,91.53037948265356,92.25714271547996,-185.7518846672721
93.3254300797028,91.52936334919339,93.3254300797028,-185.8180473699688
94.40608762859608,91.52832379293592,94.40608762859608,-185.8849602106622
95.49925860214739,91.52726027934931,95.49925860214739,-185.9526313283515
96.60508789898519,91.52617226170423,96.60508789898519,-186.0210689372221
97.72372209558498,91.52505918306227,97.72372209558498,-186.0902813284584
98.85530946569784,91.52392047247439,98.85530946569784,-186.1602768680127
100.000000000004,91.522755546924,100.000000000004,-186.2310639983432
101.1579454259939,91.52156380881971,101.1579454259939,-186.3026512369766
102.3292992280795,91.52034465045482,102.3292992280795,-186.3750471800958
103.5142166679386,91.51909744726458,103.5142166679386,-186.4482604979854
104.7128548050942,91.51782156375486,104.7128548050942,-186.522299939699
105.9253725177332,91.51651634877331,105.9253725177332,-186.5971743298815
107.151930523765,91.51518113702201,107.151930523765,-186.6728925701599
108.3926914021247,91.51381524587465,108.3926914021247,-186.7494636369604
109.6478196143229,91.51241798603411,109.6478196143229,-186.8268965900247
110.9174815262446,91.51098864452845,110.9174815262446,-186.9052005594829
112.2018454302009,91.50952649626021,112.2018454302009,-186.9843847549864
113.5010815672361,91.50803079900031,113.5010815672361,-187.0644584619819
114.8153621496929,91.50650079569239,114.8153621496929,-187.1454310437187
116.144861384039,91.50493571084566,116.144861384039,-187.2273119384416
117.4897554939577,91.50333475401423,117.4897554939577,-187.3101106623572
118.8502227437067,91.50169711653922,118.8502227437067,-187.3938368070522
120.2264434617462,91.50002197285679,120.2264434617462,-187.4785000405963
121.6186000646418,91.49830847658617,121.6186000646418,-187.564110104237
123.0268770812432,91.49655576843649,123.0268770812432,-187.6506768191942
124.4514611771436,91.49476296617466,124.4514611771436,-187.7382100779706
125.8925411794219,91.49292917011229,125.8925411794219,-187.8267198490129
127.3503081016714,91.49105346068177,127.3503081016714,-187.9162161744727
128.8249551693187,91.48913489787577,128.8249551693187,-188.006709169535
130.3166778452353,91.48717252018002,130.3166778452353,-188.0982090212025
131.8256738556462,91.48516535274265,131.8256738556462,-188.1907259957455
133.3521432163379,91.48311239260227,133.3521432163379,-188.2842704246925
134.896288259171,91.48101261552725,134.896288259171,-188.3788527107664
136.4583136588981,91.47886497996745,136.4583136588981,-188.4744833314267
138.0384264602942,91.47666841761846,138.0384264602942,-188.5711728293664
139.6368361055996,91.47442183994096,139.6368361055996,-188.6689318183719
141.2537544622813,91.47212413579851,141.2537544622813,-188.7677709805567
142.8893958511163,91.46977416780899,142.8893958511163,-188.8677010621462
144.5439770745988,91.46737077851265,144.5439770745988,-188.9687328790699
146.2177174456779,91.46491278150111,146.2177174456779,-189.0708773072929
147.910838816827,91.46239896792815,147.910838816827,-189.1741452887163
149.6235656094496,91.45982810839625,149.6235656094496,-189.2785478325955
151.3561248436272,91.45719893856605,151.3561248436272,-189.3840959993794
153.1087461682095,91.45451017536163,153.1087461682095,-189.4908009170544
154.8816618912547,91.45176050503022,154.8816618912547,-189.5986737674038
156.6751070108215,91.44894858683355,156.6751070108215,-189.7077257888576
158.4893192461181,91.44607305494245,158.4893192461181,-189.817968277614
160.324539069011,91.4431325114509,160.324539069011,-189.9294125785499
162.1810097358999,91.44012553316344,162.1810097358999,-190.0420700916611
164.0589773199609,91.43705066595111,164.0589773199609,-190.1559522643191
165.9586907437632,91.43390642981481,165.9586907437632,-190.2710705957678
167.8804018122632,91.43069130927589,167.8804018122632,-190.3874366243326
169.8243652461817,91.42740376182894,169.8243652461817,-190.5050619357964
171.7908387157662,91.4240422116592,171.7908387157662,-190.6239581542334
173.780082874945,91.42060505181567,173.780082874945,-190.7441369428571
175.7923613958768,91.41709064393746,175.7923613958768,-190.8656100018297
177.8279410039,91.41349731395684,177.8279410039,-190.9883890609458
179.8870915128866,91.40982336183137,179.8870915128866,-191.112485889903
181.9700858610062,91.40606704783023,181.9700858610062,-191.2379122788064
184.0772001469036,91.40222659828387,184.0772001469036,-191.3646800431006
186.2087136662948,91.39830020413859,186.2087136662948,-191.4928010192796
188.3649089489882,91.39428602477496,188.3649089489882,-191.6222870675529
190.546071796333,91.39018218118258,190.546071796333,-191.7531500602279
192.752491319102,91.3859867540707,192.752491319102,-191.885401876201
194.9844599758131,91.38169779657292,194.9844599758131,-192.0190544155932
197.242273611494,91.37731331678766,197.242273611494,-192.1541195728687
199.5262314968967,91.37283128722972,199.5262314968967,-192.2906092466462
201.8366363681649,91.36824964124911,201.8366363681649,-192.4285353315339
204.1737944669619,91.36356626999414,204.1737944669619,-192.5679097102721
206.538015581062,91.35877903470239,206.538015581062,-192.7087442681796
208.9296130854131,91.3538857467596,208.9296130854131,-192.8510508605025
211.348903983674,91.34888418021431,211.348903983674,-192.9948413267156
213.7962089502326,91.34377206797608,213.7962089502326,-193.1401274811283
216.2718523727116,91.33854709911918,216.2718523727116,-193.2869211045531
218.7761623949649,91.3332069265455,218.7761623949649,-193.4352339519547
221.3094709605736,91.3277491552503,221.3094709605736,-193.5850777298994
223.8721138568439,91.32217134651079,223.8721138568439,-193.736464098307
226.464430759316,91.31647102101701,226.464430759316,-193.8894046707084
229.0867652767875,91.31064564931741,229.0867652767875,-194.0439109939127
231.7394649968582,91.30469266859933,231.7394649968582,-194.1999945702782
234.4228815320027,91.29860946114567,234.4228815320027,-194.3576668172492
237.1373705661761,91.29239336374651,237.1373705661761,-194.5169390770045
239.8832919019598,91.28604167112397,239.8832919019598,-194.6778226166612
242.6610095082524,91.2795516322597,242.6610095082524,-194.8403286164535
245.470891568514,91.27292044690144,245.470891568514,-195.004468157599
248.3133105295682,91.26614526299726,248.3133105295682,-195.1702522112435
251.1886431509693,91.25922319355105,251.1886431509693,-195.3376916619291
254.097270554942,91.25215128990558,254.097270554942,-195.5067972535081
257.039578276898,91.24492656190199,257.039578276898,-195.6775796180788
260.015956316539,91.23754596672974,260.015956316539,-195.8500492487577
263.0267991895501,91.23000642016186,263.0267991895501,-196.0242165131965
266.072505979893,91.22230478112272,266.072505979893,-196.2000916173737
269.1534803927038,91.21443785801075,269.1534803927038,-196.3776846092446
272.2701308078036,91.20640241830463,272.2701308078036,-196.5570053893773
275.4228703338292,91.19819517172357,275.4228703338292,-196.7380636704687
278.6121168629897,91.18981277662894,278.6121168629897,-196.920868980783
281.8382931264582,91.18125184871656,281.8382931264582,-197.1054306729279
285.1018267504039,91.17250894393221,285.1018267504039,-197.2917578808094
288.4031503126737,91.16358057535226,288.4031503126737,-197.4798595443224
291.74270140013,91.15446320130749,291.74270140013,-197.6697443759201
295.1209226666521,91.1451532261372,295.1209226666521,-197.8614208521107
298.5382618918096,91.13564701158764,298.5382618918096,-198.0548972274599
301.9951720402154,91.1259408594624,301.9951720402154,-198.2501814878459
305.4921113215653,91.1160310299872,305.4921113215653,-198.4472813790703
309.0295432513732,91.10591372522798,309.0295432513732,-198.6462043605255
312.6079367124098,91.09558509727836,312.6079367124098,-198.8469576116599
316.2277660168525,91.08504125530547,316.2277660168525,-199.049548036713
319.8895109691545,91.07427824753314,319.8895109691545,-199.2539822128591
323.5936569296431,91.0632920831107,323.5936569296431,-199.4602664277598
327.3406948788532,91.05207871125657,327.3406948788532,-199.6684066199426
331.1311214826063,91.04063404323647,331.1311214826063,-199.8784084174018
334.9654391578431,91.02895392967935,334.9654391578431,-200.0902770719029
338.8441561392182,91.01703418471999,338.8441561392182,-200.3040175033698
342.7677865464662,91.00487056295806,342.7677865464662,-200.5196342316074
346.7368504525477,90.99245878444826,346.7368504525477,-200.7371314235873
350.7518739525843,90.97979451082955,350.7518739525843,-200.9565128215175
354.8133892335919,90.96687336775818,354.8133892335919,-201.1777817843949
358.9219346450219,90.95369092729514,358.9219346450219,-201.4009412299383
363.0780547701182,90.94024272291762,363.0780547701182,-201.6259936581763
367.2823004981018,90.92652424556498,367.2823004981018,-201.852941127195
371.5352290971899,90.91253093898391,371.5352290971899,-202.0817852260386
375.8374042884617,90.89825820927035,375.8374042884617,-202.3125270847073
380.189396320579,90.88370142333665,380.189396320579,-202.5451673552143
384.5917820453716,90.86885590276813,384.5917820453716,-202.7797061793048
389.0451449942989,90.8537169376024,389.0451449942989,-203.0161432103052
393.550075455796,90.83827978112525,393.550075455796,-203.2544775834483
398.107170553516,90.82253964381999,398.107170553516,-203.4947078824942
402.7170343254781,90.80649171149221,402.7170343254781,-203.7368321746019
407.380277804132,90.790131132478,407.380277804132,-203.9808479579421
412.0975190973497,90.77345302991212,412.0975190973497,-204.2267521804814
416.8693834703552,90.7564524880719,416.8693834703552,-204.474541183299
421.6965034286023,90.73912457196009,421.6965034286023,-204.7242107412738
426.5795188016129,90.7214643189285,426.5795188016129,-204.9757560216756
431.5190768277858,90.70346674342321,431.5190768277858,-205.2291715813729
436.5158322401868,90.68512683586701,436.5158322401868,-205.4844513462241
441.5704473533336,90.66643957224062,441.5704473533336,-205.7415886235852
446.6835921509845,90.64739990277047,446.6835921509845,-206.0005760495404
451.855944374944,90.62800277104725,451.855944374944,-206.2614056319768
457.088189614897,90.60824310077376,457.088189614897,-206.5240686911167
462.3810213992825,90.5881158101394,462.3810213992825,-206.788555888428
467.7351412872207,90.56761580659372,467.7351412872207,-207.0548571924977
473.1512589615033,90.54673799189658,473.1512589615033,-207.3229618781915
478.6300923226614,90.52547726651569,478.6300923226614,-207.5928585242322
484.1723675841227,90.50382852728562,484.1723675841227,-207.8645349881272
489.7788193684698,90.48178667665134,489.7788193684698,-208.1379784206007
495.4501908048142,90.45934661841882,495.4501908048142,-208.4131752339912
501.1872336272965,90.43650326953241,501.1872336272965,-208.6901111267602
506.9907082747289,90.4132515553157,506.9907082747289,-208.9687710502934
512.8613839913897,90.3895864131421,512.8613839913897,-209.249139205269
518.8000389289863,90.36550279904714,518.8000389289863,-209.5311990492143
524.8074602497981,90.34099568708037,524.8074602497981,-209.8149332782403
530.8844442310142,90.31606007955587,530.8844442310142,-210.1003238496096
537.0317963702789,90.29069100127478,537.0317963702789,-210.3873519447211
543.2503314924597,90.26488350480641,543.2503314924597,-210.6759979736219
549.5408738576514,90.23863268396494,549.5408738576514,-210.9662416123407
555.9042572704308,90.21193365834131,555.9042572704308,-211.2580617286119
562.3413251903767,90.18478159526401,562.3413251903767,-211.551436453577
568.8529308438694,90.15717170511492,568.8529308438694,-211.8463431507061
575.4399373371853,90.12909923844973,575.4399373371853,-212.1427583904707
582.1032177709001,90.10055950534708,582.1032177709001,-212.4406580166558
588.843655355618,90.07154786103905,588.843655355618,-212.7400170755974
595.6621435290399,90.0420597242005,595.6621435290399,-213.0408098802735
602.5595860743875,90.01209057592041,602.5595860743875,-213.3430099963051
609.5368972401993,89.98163595286576,609.5368972401993,-213.6465902017959
616.5950018615127,89.95069147096171,616.5950018615127,-213.9515225798171
623.7348354824502,89.91925281177514,623.7348354824502,-214.2577784512533
630.9573444802246,89.88731573066835,630.9573444802246,-214.5653284014612
638.2634861905805,89.85487606670317,638.2634861905805,-214.8741423175563
645.6542290346877,89.82192973802279,645.6542290346877,-215.1841893612742
653.1305526475049,89.78847275130317,653.1305526475049,-215.4954380062154
660.6934480076291,89.75450120166373,660.6934480076291,-215.807856032776
668.3439175686481,89.72001127688451,668.3439175686481,-216.1214105436463
676.0829753920157,89.68499926095558,676.0829753920157,-216.4360679774015
683.9116472814636,89.64946153837431,683.9116472814636,-216.7517941268949
691.8309709189713,89.61339459407142,691.8309709189713,-217.0685541375047
699.8419960023087,89.57679502584784,699.8419960023087,-217.3863125680063
707.9457843841736,89.53965953499944,707.9457843841736,-217.7050333453063
716.1434102129382,89.50198493766847,716.1434102129382,-218.024679822278
724.4359600750267,89.46376816195144,724.4359600750267,-218.34521476588
732.8245331389412,89.4250062638977,732.8245331389412,-218.6666004433441
741.3102413009551,89.38569641014034,741.3102413009551,-218.9887985375553
749.8942093324939,89.34583590004749,749.8942093324939,-219.3117702682707
758.5775750292223,89.30542215279854,758.5775750292223,-219.6354763313701
767.3614893618579,89.26445272486909,767.3614893618579,-219.9598770007234
776.2471166287312,89.22292529982157,776.2471166287312,-220.2849320829687
785.2356346101118,89.1808376936068,785.2356346101118,-220.6106009561502
794.328234724322,89.13818786332484,794.328234724322,-220.9368426302555
803.5261221856582,89.09497390319557,803.5261221856582,-221.263615738379
812.8305161641407,89.05119404790329,812.8305161641407,-221.5908785694807
822.2426499471131,89.00684667261172,822.2426499471131,-221.9185890835574
831.7637711027136,88.96193029936228,831.7637711027136,-222.2467049653639
841.3951416452383,88.91644359269574,841.3951416452383,-222.5751836163379
851.1380382024201,88.87038537023346,851.1380382024201,-222.9039822369428
860.9937521846449,88.82375459080941,860.9937521846449,-223.2330577753421
870.9635899561255,88.77655036362407,870.9635899561255,-223.562367003152
881.0488730080596,88.7287719543385,881.0488730080596,-223.891866576369
891.2509381337916,88.68041877160671,891.2509381337916,-224.2215129753052
901.5711376060035,88.63149037981472,901.5711376060035,-224.5512626084211
912.0108393559569,88.58198649737382,912.0108393559569,-224.8810718283843
922.571427154811,88.53190699232454,922.571427154811,-225.2108969306714
933.2543007970395,88.48125188370994,933.2543007970395,-225.5406941897286
944.0608762859724,88.43002134467125,944.0608762859724,-225.8704199083638
954.9925860214856,88.37821570464661,954.9925860214856,-226.2000304636712
966.0508789898637,88.32583543906463,966.0508789898637,-226.5294822684082
977.2372209558616,88.27288117927517,977.2372209558616,-226.8587318703916
988.5530946569904,88.21935370205762,988.5530946569904,-227.1877359134265
1000.000000000052,88.1652539420287,1000.000000000052,-227.5164512579151
1011.579454259951,88.11058297585998,1011.579454259951,-227.8448349052065
1023.292992280808,88.05534203071757,1023.292992280808,-228.1728440925008
1035.142166679398,87.99953248198939,1035.142166679398,-228.5004363139637
1047.128548050955,87.94315584883462,1047.128548050955,-228.827569325931
1059.253725177345,87.8862137932866,1059.253725177345,-229.1542011781377
1071.519305237663,87.82870812044084,1071.519305237663,-229.4802902539607
1083.926914021261,87.77064077266562,1083.926914021261,-229.8057952663526
1096.478196143243,87.71201383657095,1096.478196143243,-230.1306753517934
1109.17481526246,87.6528295277535,1109.17481526246,-230.4548899933994
1122.018454302023,87.59309019885333,1122.018454302023,-230.7783991244499
1135.010815672375,87.5327983364359,1135.010815672375,-231.1011631469826
1148.153621496944,87.47195654919503,1148.153621496944,-231.4231428792492
1161.448613840405,87.41056757611963,1161.448613840405,-231.7442996636607
1174.897554939592,87.34863428149451,1174.897554939592,-232.0645953705052
1188.502227437082,87.28615964825856,1188.502227437082,-232.3839923866593
1202.264434617477,87.2231467746154,1202.264434617477,-232.7024536298117
1216.186000646433,87.15959887786694,1216.186000646433,-233.0199426251165
1230.268770812448,87.09551928544187,1230.268770812448,-233.3364234735307
1244.514611771452,87.03091143369242,1244.514611771452,-233.6518608851895
1258.925411794235,86.96577886429182,1258.925411794235,-233.9662201922008
1273.50308101673,86.90012521894468,1273.50308101673,-234.2794673459676
1288.249551693204,86.83395424289793,1288.249551693204,-234.5915689933415
1303.16677845237,86.76726977277382,1303.16677845237,-234.9024924110223
1318.256738556478,86.70007573848983,1318.256738556478,-235.2122055667934
1333.521432163396,86.63237615928966,1333.521432163396,-235.5206771270958
1348.962882591727,86.56417513933152,1348.962882591727,-235.8278764597601
1364.583136588999,86.49547686209226,1364.583136588999,-236.1337736242031
1380.38426460296,86.42628559197588,1380.38426460296,-236.4383394299904
1396.368361056014,86.35660566679988,1396.368361056014,-236.7415454076762
1412.537544622832,86.28644149413817,1412.537544622832,-237.0433638150875
1428.893958511181,86.21579755104393,1428.893958511181,-237.3437676768976
1445.439770746007,86.14467837530285,1445.439770746007,-237.6427307383894
1462.177174456799,86.07308856743975,1462.177174456799,-237.9402275273115
1479.108388168289,86.00103278176664,1479.108388168289,-238.2362333023527
1496.235656094516,85.92851572712257,1496.235656094516,-238.5307241006808
1513.561248436292,85.85554216358861,1513.561248436292,-238.8236767439869
1531.087461682115,85.78211689337419,1531.087461682115,-239.1150687801472
1548.816618912567,85.70824476412832,1548.816618912567,-239.4048785564995
1566.751070108236,85.63393066022492,1566.751070108236,-239.6930851632651
1584.893192461201,85.55917950276766,1584.893192461201,-239.9796684697202
1603.245390690131,85.48399624658293,1603.245390690131,-240.2646091277581
1621.81009735902,85.40838587091693,1621.81009735902,-240.5478885017331
1640.589773199631,85.33235338565346,1640.589773199631,-240.8294887734551
1659.586907437653,85.2559038200892,1659.586907437653,-241.1093928476803
1678.804018122654,85.17904222294581,1678.804018122654,-241.3875843840153
1698.243652461839,85.10177365919762,1698.243652461839,-241.6640477913062
1717.908387157684,85.02410320843708,1717.908387157684,-241.9387682400853
1737.800828749473,84.94603595822983,1737.800828749473,-242.2117316122109
1757.923613958791,84.8675770044205,1757.923613958791,-242.4829245333437
1778.279410039022,84.78873144624222,1778.279410039022,-242.7523343413141
1798.870915128889,84.70950438672926,1798.870915128889,-243.0199491185063
1819.700858610086,84.62990092392539,1819.700858610086,-243.2857576073228
1840.772001469059,84.54992615613992,1840.772001469059,-243.5497493019418
1862.087136662972,84.46958517242763,1862.087136662972,-243.8119143509805
1883.649089489907,84.38888305426727,1883.649089489907,-244.0722436018355
1905.460717963355,84.30782487097537,1905.460717963355,-244.330728562647
1927.524913191045,84.22641567986544,1927.524913191045,-244.5873614260347
1949.844599758155,84.14466052083213,1949.844599758155,-244.8421350166844
1972.422736114965,84.06256441564921,1972.422736114965,-245.0950428001927
1995.262314968993,83.98013236760585,1995.262314968993,-245.3460788970938
2018.366363681675,83.89736935582616,2018.366363681675,-245.5952380208244
2041.737944669645,83.81428033671671,2041.737944669645,-245.8425155142312
2065.380155810647,83.73087023978957,2065.380155810647,-246.0879073055623
2089.296130854158,83.64714396723014,2089.296130854158,-246.3314099163337
2113.489039836767,83.5631063922209,2113.489039836767,-246.5730204503953
2137.962089502354,83.4787623550439,2137.962089502354,-246.8127365487904
2162.718523727144,83.39411666492749,2162.718523727144,-247.0505564284467
2187.761623949677,83.30917409730779,2187.761623949677,-247.2864788514695
2213.094709605764,83.22393938937034,2213.094709605764,-247.5205030669493
2238.721138568468,83.13841724414496,2238.721138568468,-247.7526288815301
2264.644307593189,83.05261232534299,2264.644307593189,-247.9828565878171
2290.867652767904,82.96652925630225,2290.867652767904,-248.2111869534816
2317.394649968612,82.88017262127575,2317.394649968612,-248.4376212475255
2344.228815320057,82.79354696250184,2344.228815320057,-248.6621611984758
2371.373705661792,82.70665677857345,2371.373705661792,-248.8848089712698
2398.832919019629,82.61950652615724,2398.832919019629,-249.1055671987912
2426.610095082556,82.53210061603724,2426.610095082556,-249.3244389183719
2454.708915685173,82.4444434143669,2454.708915685173,-249.5414275933457
2483.133105295714,82.35653924185782,2483.133105295714,-249.7565371012793
2511.886431509726,82.26839237136112,2511.886431509726,-249.9697716909927
2540.972705549453,82.18000702924667,2540.972705549453,-250.1811360052778
2570.395782769014,82.09138739413113,2570.395782769014,-250.3906350576486
2600.159563165424,82.00253759545625,2600.159563165424,-250.5982742036364
2630.267991895535,81.91346171463293,2630.267991895535,-250.8040591582172
2660.725059798965,81.82416378395202,2660.725059798965,-251.0079959721808
2691.534803927073,81.73464778514686,2691.534803927073,-251.2100910010579
2722.701308078072,81.64491765026392,2722.701308078072,-251.4103509148082
2754.228703338328,81.55497726220831,2754.228703338328,-251.6087827026557
2786.121168629934,81.46483045287282,2786.121168629934,-251.8053936312685
2818.382931264619,81.37448100275364,2818.382931264619,-252.0001912292742
2851.018267504077,81.28393264287612,2851.018267504077,-252.1931833162785
2884.031503126776,81.19318905285238,2884.031503126776,-252.384377956915
2917.427014001339,81.10225386178038,2917.427014001339,-252.5737834688815
2951.20922666656,81.01113064746365,2951.20922666656,-252.7614083978885
2985.382618918135,80.91982293682423,2985.382618918135,-252.9472615150532
3019.951720402194,80.82833420678347,3019.951720402194,-253.1313518246036
3054.921113215693,80.73666788317668,3054.921113215693,-253.3136885302105
3090.295432513773,80.644827340395,3090.295432513773,-253.4942810152737
3126.07936712414,80.55281590368294,3126.07936712414,-253.6731388787427
3162.277660168567,80.46063684731807,3162.277660168567,-253.8502718844364
3198.895109691588,80.36829339574383,3198.895109691588,-254.0256899712829
3235.936569296475,80.27578872346355,3235.936569296475,-254.1994032383517
3273.406948788577,80.18312595565862,3273.406948788577,-254.3714219433812
3311.311214826108,80.09030816797109,3311.311214826108,-254.5417564842512
3349.654391578476,79.99733838709088,3349.654391578476,-254.7104173974035
3388.441561392228,79.90421959105316,3388.441561392228,-254.8774153486876
3427.677865464709,79.81095470948772,3427.677865464709,-255.0427611242824
3467.368504525524,79.71754662452337,3467.368504525524,-255.2064656357618
3507.51873952589,79.62399817023082,3507.51873952589,-255.3685398909628
3548.133892335968,79.53031213343957,3548.133892335968,-255.5289949967593
3589.219346450268,79.43649125459574,3589.219346450268,-255.6878421631685
3630.780547701232,79.34253822728871,3630.780547701232,-255.8450926745778
3672.823004981068,79.24845569960357,3672.823004981068,-256.0007579062066
3715.35229097195,79.15424627384741,3715.35229097195,-256.1548492994164
3758.374042884669,79.05991250748602,3758.374042884669,-256.3073783678294
3801.893963205842,78.96545691328089,3801.893963205842,-256.4583566825884
3845.917820453768,78.87088196004547,3845.917820453768,-256.6077958741906
3890.451449943042,78.7761900728508,3890.451449943042,-256.7557076191197
3935.500754558013,78.68138363379289,3935.500754558013,-256.9021036414713
3981.071705535214,78.58646498200859,3981.071705535214,-257.0469956953892
4027.170343254836,78.49143641536685,4027.170343254836,-257.1903955903617
4073.802778041375,78.39630018913181,4073.802778041375,-257.3323151378984
4120.975190973553,78.30105851826271,4120.975190973553,-257.4727661937446
4168.693834703608,78.20571357674241,4168.693834703608,-257.6117606213404
4216.96503428608,78.11026749886784,4216.96503428608,-257.7493103079835
4265.795188016188,78.014722378999,4265.795188016188,-257.8854271390155
4315.190768277917,77.91908027310774,4315.190768277917,-258.0201230219149
4365.158322401929,77.82334319836389,4365.158322401929,-258.1534098556313
4415.704473533398,77.72751313396304,4415.704473533398,-258.28529953477
4466.835921509907,77.63159202216218,4466.835921509907,-258.4158039604645
4518.559443749503,77.53558176802645,4518.559443749503,-258.5449350139379
4570.881896149033,77.43948424034848,4570.881896149033,-258.6727045627508
4623.81021399289,77.34330127238533,4623.81021399289,-258.7991244660527
4677.351412872272,77.24703466216798,4677.351412872272,-258.9242065619768
4731.512589615098,77.15068617284058,4731.512589615098,-259.0479626599944
4786.30092322668,77.05425753347313,4786.30092322668,-259.1704045465762
4841.723675841295,76.95775043970391,4841.723675841295,-259.2915439849428
4897.788193684767,76.86116655387639,4897.788193684767,-259.4113927005295
4954.501908048212,76.76450750575111,4954.501908048212,-259.5299623843086
5011.872336273036,76.66777489323719,5011.872336273036,-259.6472646967645
5069.907082747361,76.57097028264555,5069.907082747361,-259.7633112571109
5128.61383991397,76.47409520896875,5128.61383991397,-259.878113632664
5188.000389289937,76.37715117730438,5188.000389289937,-259.9916833672693
5248.074602498055,76.28013966210531,5248.074602498055,-260.1040319370625
5308.844442310217,76.18306210874647,5308.844442310217,-260.2151707830362
5370.317963702865,76.08591993358507,5370.317963702865,-260.3251112969186
5432.503314924675,75.98871452437714,5432.503314924675,-260.4338648135672
5495.408738576592,75.89144724106212,5495.408738576592,-260.5414426209981
5559.042572704387,75.79411941558094,5559.042572704387,-260.6478559359064
5623.413251903846,75.69673235344152,5623.413251903846,-260.7531159379635
5688.529308438774,75.5992873332881,5688.529308438774,-260.8572337382691
5754.399373371934,75.5017856076683,5754.399373371934,-260.9602203876727
5821.032177709083,75.40422840356136,5821.032177709083,-261.0620868777434
5888.436553556263,75.30661692275694,5888.436553556263,-261.162844136366
5956.621435290483,75.20895234247901,5956.621435290483,-261.2625030325967
6025.595860743961,75.11123581539121,6025.595860743961,-261.3610743598336
6095.36897240208,75.01346847073845,6095.36897240208,-261.458568859752
6165.950018615215,74.91565141405728,6165.950018615215,-261.5549971944645
6237.34835482459,74.81778572800798,6237.34835482459,-261.6503699608577
6309.573444802336,74.71987247284534,6309.573444802336,-261.7446976904446
6382.634861905895,74.62191268678622,6382.634861905895,-261.8379908477212
6456.542290346969,74.52390738607959,6456.542290346969,-261.9302598151875
6531.305526475143,74.42585756593166,6531.305526475143,-262.0215149129158
6606.934480076385,74.32776420072406,6606.934480076385,-262.1117663903387
6683.439175686576,74.22962824419261,6683.439175686576,-262.2010244177919
6760.829753920253,74.13145063004752,6760.829753920253,-262.2892990938588
6839.116472814734,74.03323227247188,6839.116472814734,-262.3766004502053
6918.309709189812,73.93497406616787,6918.309709189812,-262.4629384373919
6998.419960023188,73.83667688683961,6998.419960023188,-262.5483229283191
7079.457843841838,73.73834159187379,7079.457843841838,-262.6327637316789
7161.434102129484,73.63996902026713,7161.434102129484,-262.7162705724477
7244.35960075037,73.54155999319917,7244.35960075037,-262.7988531014312
7328.245331389517,73.44311531442607,7328.245331389517,-262.8805208963778
7413.102413009657,73.34463577052679,7413.102413009657,-262.9612834573977
7498.942093325046,73.24612213118284,7498.942093325046,-263.0411502042138
7585.775750292331,73.1475751497569,7585.775750292331,-263.1201304868626
7673.614893618689,73.04899556334207,7673.614893618689,-263.1982335736
7762.471166287423,72.95038409329509,7762.471166287423,-263.2754686586418
7852.35634610123,72.85174144543296,7852.35634610123,-263.3518448584708
7943.282347243334,72.75306831042427,7943.282347243334,-263.4273712138544
8035.261221856698,72.65436536398062,8035.261221856698,-263.5020566855791
8128.305161641525,72.55563326728253,8128.305161641525,-263.5759101598886
8222.42649947125,72.45687266729107,8222.42649947125,-263.6489404495556
8317.637711027255,72.35808419684997,8317.637711027255,-263.7211562835311
8413.951416452503,72.2592684751676,8413.951416452503,-263.7925663186795
8511.380382024323,72.16042610802525,8511.380382024323,-263.863179134027
8609.937521846572,72.06155768817004,8609.937521846572,-263.9330032388638
8709.635899561379,71.96266379518914,8709.635899561379,-264.0020470518274
8810.48873008072,71.86374499633153,8810.48873008072,-264.0703189293155
8912.509381338043,71.76480184640199,8912.509381338043,-264.1378271464985
9015.711376060164,71.66583488809046,9015.711376060164,-264.2045799031815
9120.1083935597,71.56684465227259,9120.1083935597,-264.2705853234901
9225.714271548242,71.46783165823837,9225.714271548242,-264.3358514588402
9332.543007970529,71.36879641388644,9332.543007970529,-264.4003862828313
9440.60876285986,71.26973941605469,9440.60876285986,-264.4641976969133
9549.925860214993,71.17066115068033,9549.925860214993,-264.5272935279938
9660.508789898775,71.07156209302008,9660.508789898775,-264.5896815278939
9772.372209558756,70.97244270791013,9772.372209558756,-264.6513693745013
9885.530946570047,70.87330345002398,9885.530946570047,-264.7123646757195
10000.00000000067,70.77414476407505,10000.00000000067,-264.7726749674072
10115.79454259966,70.674967084901,10115.79454259966,-264.8323077087852
10232.92992280822,70.57577083773693,10232.92992280822,-264.8912702852047
10351.42166679413,70.47655643862537,10351.42166679413,-264.9495700192635
10471.2854805097,70.37732429426391,10471.2854805097,-265.0072141539187
10592.5372517736,70.27807480247839,10592.5372517736,-265.0642098660231
10715.19305237678,70.17880835227427,10715.19305237678,-265.1205642598511
10839.26914021276,70.07952532405039,10839.26914021276,-265.1762843695827
10964.78196143259,69.98022608984741,10964.78196143259,-265.2313771626452
11091.74815262476,69.88091101347842,11091.74815262476,-265.2858495369138
11220.18454302039,69.78158045057114,11220.18454302039,-265.3397083154677
11350.10815672391,69.68223474906458,11350.10815672391,-265.3929602621246
11481.5362149696,69.58287424901926,11481.5362149696,-265.4456120652385
11614.48613840421,69.48349928308413,11614.48613840421,-265.4976703523663
11748.97554939609,69.38411017646935,11748.97554939609,-265.5491416810016
11885.02227437099,69.28470724709031,11885.02227437099,-265.6000325390055
12022.64434617494,69.1852908059824,12022.64434617494,-265.6503493574243
12161.8600064645,69.08586115708809,12161.8600064645,-265.7000984931656
12302.68770812465,68.98641859766157,12302.68770812465,-265.7492862418576
12445.1461177147,68.88696341840127,12445.1461177147,-265.7979188373772
12589.25411794253,68.7874959033622,12589.25411794253,-265.8460024411783
12735.03081016748,68.68801633048473,12735.03081016748,-265.8935431628388
12882.49551693222,68.58852497138948,12882.49551693222,-265.9405470419309
13031.66778452388,68.48902209160579,13031.66778452388,-265.9870200541507
13182.56738556497,68.38950795085543,13182.56738556497,-266.032968118541
13335.21432163415,68.28998280298035,13335.21432163415,-266.0783970901791
13489.62882591746,68.19044689618197,13489.62882591746,-266.1233127625832
13645.83136589018,68.09090047310174,13645.83136589018,-266.167720869548
13803.84264602979,67.99134377097728,13803.84264602979,-266.2116270849391
13963.68361056033,67.89177702169968,13963.68361056033,-266.2550370223104
14125.37544622851,67.79220045208122,14125.37544622851,-266.2979562410442
14288.93958511201,67.69261428374392,14288.93958511201,-266.340390236705
14454.39770746027,67.59301873338696,14454.39770746027,-266.382344448103
14621.77174456819,67.49341401284326,14621.77174456819,-266.4238242567121
14791.08388168309,67.39380032925943,14791.08388168309,-266.4648349899171
14962.35656094536,67.29417788506035,14962.35656094536,-266.5053819150395
15135.61248436312,67.19454687817435,15135.61248436312,-266.5454702455035
15310.87461682136,67.09490750211314,15310.87461682136,-266.5851051400276
15488.16618912588,66.99525994598059,15488.16618912588,-266.6242916998225
15667.51070108257,66.89560439471688,15667.51070108257,-266.6630349749717
15848.93192461223,66.79594102901491,15848.93192461223,-266.7013399582775
16032.45390690152,66.69627002562551,16032.45390690152,-266.739211593572
16218.10097359042,66.59659155723571,16218.10097359042,-266.7766547679015
16405.89773199653,66.49690579267626,16405.89773199653,-266.8136743166589
16595.86907437676,66.39721289700367,16595.86907437676,-266.8502750251225
16788.04018122677,66.29751303155912,16788.04018122677,-266.8864616264324
16982.43652461862,66.19780635402662,16982.43652461862,-266.9222388012957
17179.08387157708,66.09809301858715,17179.08387157708,-266.9576111829844
17378.00828749497,65.99837317591073,17378.00828749497,-266.9925833518267
17579.23613958815,65.89864697330127,17579.23613958815,-267.027159840354
17782.79410039047,65.79891455474782,17782.79410039047,-267.0613451324257
17988.70915128914,65.69917606097664,17988.70915128914,-267.0951436622733
18197.00858610111,65.59943162956029,18197.00858610111,-267.1285598169833
18407.72001469085,65.49968139494766,18407.72001469085,-267.161597934433
18620.87136662998,65.39992548860309,18620.87136662998,-267.1942623085597
18836.49089489933,65.30016403899465,18836.49089489933,-267.2265571842717
19054.60717963381,65.20039717170835,19054.60717963381,-267.2584867614307
19275.24913191072,65.10062500948753,19275.24913191072,-267.2900551934664
19498.44599758183,65.00084767229049,19498.44599758183,-267.3212665885565
19724.22736114993,64.90106527742279,19724.22736114993,-267.3521250114609
19952.62314969021,64.80127793945944,19952.62314969021,-267.3826344796279
20183.66363681704,64.70148577047236,20183.66363681704,-267.4127989700057
20417.37944669674,64.60168887999775,20417.37944669674,-267.4426224166961
20653.80155810676,64.501887375004,20653.80155810676,-267.4721087049663
20892.96130854188,64.40208136016872,20892.96130854188,-267.5012616850159
21134.89039836797,64.30227093770253,21134.89039836797,-267.5300851586089
21379.62089502384,64.20245620759195,21379.62089502384,-267.5585828910513
21627.18523727174,64.10263726748137,21627.18523727174,-267.586758601823
21877.61623949709,64.00281421288001,21877.61623949709,-267.6146159737085
22130.94709605796,63.90298713713186,22130.94709605796,-267.642158647894
22387.21138568499,63.80315613137604,22387.21138568499,-267.6693902217617
22646.44307593221,63.70332128482481,22646.44307593221,-267.6963142593229
22908.67652767937,63.60348268457965,22908.67652767937,-267.7229342802704
23173.94649968644,63.50364041582726,23173.94649968644,-267.749253770246
23442.2881532009,63.40379456178563,23442.2881532009,-267.7752761724754
23713.73705661825,63.30394520381429,23713.73705661825,-267.8010048940066
23988.32919019663,63.20409242142212,23988.32919019663,-267.8264433051203
24266.1009508259,63.10423629230789,24266.1009508259,-267.8515947369397
24547.08915685207,63.00437689245206,24547.08915685207,-267.8764624866404
24831.33105295749,62.90451429607516,24831.33105295749,-267.9010498126282
25118.86431509761,62.8046485757194,25118.86431509761,-267.9253599386211
25409.72705549488,62.70477980230444,25409.72705549488,-267.949396052578
25703.95782769049,62.60490804514072,25703.95782769049,-267.9731613072486
26001.5956316546,62.50503337196933,26001.5956316546,-267.9966588212662
26302.67991895572,62.40515584896233,26302.67991895572,-268.0198916770871
26607.25059799002,62.30527554083176,26607.25059799002,-268.0428629242586
26915.34803927111,62.20539251082833,26915.34803927111,-268.0655755799823
27227.0130807811,62.1055068207402,27227.0130807811,-268.0880326258913
27542.28703338366,62.00561853096037,27542.28703338366,-268.1102370111984
27861.21168629972,61.90572770054339,27861.21168629972,-268.1321916542972
28183.82931264658,61.8058343871498,28183.82931264658,-268.1538994385672
28510.18267504116,61.7059386472113,28510.18267504116,-268.1753632188357
28840.31503126816,61.60604053579008,28840.31503126816,-268.1965858150427
29174.27014001379,61.50614010676597,29174.27014001379,-268.2175700180513
29512.09226666601,61.40623741276565,29512.09226666601,-268.2383185868555
29853.82618918177,61.30633250525081,29853.82618918177,-268.2588342515739
30199.51720402237,61.20642543447844,30199.51720402237,-268.2791197103384
30549.21113215736,61.10651624957764,30549.21113215736,-268.2991776315558
30902.95432513817,61.00660499859482,30902.95432513817,-268.31901065612
31260.79367124184,60.90669172844826,31260.79367124184,-268.338621393792
31622.77660168611,60.80677648499318,31622.77660168611,-268.3580124255615
31988.95109691632,60.70685931306058,31988.95109691632,-268.3771863049938
32359.3656929652,60.60694025645481,32359.3656929652,-268.396145556679
32734.06948788622,60.50701935800303,32734.06948788622,-268.4148926777261
33113.11214826154,60.40709665952976,33113.11214826154,-268.4334301374133
33496.54391578523,60.30717220193598,33496.54391578523,-268.4517603778811
33884.41561392275,60.20724602518207,33884.41561392275,-268.4698858145002
34276.77865464756,60.10731816831309,34276.77865464756,-268.4878088349467
34673.68504525572,60.00738866951497,34673.68504525572,-268.5055318021737
35075.18739525939,59.90745756607228,35075.18739525939,-268.5230570516929
35481.33892336016,59.80752489444795,35481.33892336016,-268.5403868938286
35892.19346450317,59.70759069027446,35892.19346450317,-268.5575236141942
36307.80547701281,59.60765498837912,36307.80547701281,-268.5744694724456
36728.23004981118,59.50771782275898,36728.23004981118,-268.591226702284
37153.52290972,59.4077792266806,37153.52290972,-268.6077975144457
37583.7404288472,59.30783923264585,37583.7404288472,-268.6241840949749
38018.93963205893,59.207897872406,38018.93963205893,-268.6403886051751
38459.1782045382,59.10795517698139,38459.1782045382,-268.6564131821452
38904.51449943094,59.00801117672649,38904.51449943094,-268.6722599420003
39355.00754558066,58.90806590128693,39355.00754558066,-268.6879309754322
39810.71705535267,58.80811937962346,39810.71705535267,-268.7034283506212
40271.70343254889,58.70817164004345,40271.70343254889,-268.7187541129725
40738.0277804143,58.60822271022697,40738.0277804143,-268.7339102858462
41209.75190973609,58.5082726171815,41209.75190973609,-268.7488988691325
41686.93834703664,58.40832138735078,41686.93834703664,-268.7637218428002
42169.65034286137,58.3083690465221,42169.65034286137,-268.7783811627996
42657.95188016244,58.20841561997565,42657.95188016244,-268.7928787666643
43151.90768277974,58.10846113236468,43151.90768277974,-268.8072165683345
43651.58322401986,58.00850560776968,43651.58322401986,-268.8213964611164
44157.04473533455,57.90854906974416,44157.04473533455,-268.8354203183648
44668.35921509966,57.80859154129743,44668.35921509966,-268.8492899921214
45185.59443749562,57.70863304492578,45185.59443749562,-268.8630073151684
45708.81896149094,57.60867360260278,45708.81896149094,-268.8765740992241
46238.10213992951,57.50871323580867,46238.10213992951,-268.8899921369361
46773.51412872334,57.40875196554047,46773.51412872334,-268.9032632018449
47315.12589615161,57.30878981229806,47315.12589615161,-268.916389047543
47863.00923226745,57.2088267961263,47863.00923226745,-268.9293714081997
48417.23675841359,57.10886293661638,48417.23675841359,-268.9422119999128
48977.88193684832,57.00889825292347,48977.88193684832,-268.9549125201286
49545.01908048277,56.90893276371861,49545.01908048277,-268.9674746472365
50118.72336273103,56.80896648732101,50118.72336273103,-268.9799000424576
50699.07082747428,56.70899944156468,50699.07082747428,-268.9921903478315
51286.13839914038,56.60903164390386,51286.13839914038,-269.0043471879631
51880.00389290005,56.50906311142356,51880.00389290005,-269.0163721711773
52480.74602498125,56.40909386076774,52480.74602498125,-269.0282668866954
53088.44442310288,56.30912390823953,53088.44442310288,-269.0400329077791
53703.17963702937,56.20915326975752,53703.17963702937,-269.0516717903699
54325.03314924747,56.1091819608376,54325.03314924747,-269.0631850726386
54954.08738576665,56.00920999674027,54954.08738576665,-269.0745742788973
55590.42572704461,55.90923739227546,55590.42572704461,-269.085840914274
56234.13251903922,55.80926416196461,56234.13251903922,-269.0969864692244
56885.2930843885,55.70929031997991,56885.2930843885,-269.1080124179745
57543.9937337201,55.60931588020956,57543.9937337201,-269.1189202193252
58210.32177709161,55.50934085617796,58210.32177709161,-269.1297113163096
58884.36553556342,55.40936526110359,58884.36553556342,-269.1403871358656
59566.21435290563,55.3093891079386,59566.21435290563,-269.1509490907483
60255.95860744041,55.20941240931782,60255.95860744041,-269.16139857876
60953.68972402161,55.10943517757791,60953.68972402161,-269.1717369818327
61659.50018615297,55.00945742476834,61659.50018615297,-269.1819656677266
62373.48354824674,54.90947916272852,62373.48354824674,-269.1920859913018
63095.7344480242,54.80950040292672,63095.7344480242,-269.2020992903717
63826.34861905981,54.7095211566263,63826.34861905981,-269.2120068903552
64565.42290347055,54.60954143483711,64565.42290347055,-269.2218101026032
65313.05526475229,54.50956124828552,65313.05526475229,-269.2315102238919
66069.34480076472,54.40958060750661,66069.34480076472,-269.2411085391845
66834.39175686665,54.30959952271248,66834.39175686665,-269.2506063176058
67608.29753920343,54.20961800396644,67608.29753920343,-269.2600048168927
68391.16472814824,54.10963606103532,68391.16472814824,-269.269305280871
69183.09709189902,54.00965370348752,69183.09709189902,-269.2785089401809
69984.19960023279,53.90967094067839,69984.19960023279,-269.2876170134814
70794.57843841931,53.80968778177114,70794.57843841931,-269.2966307070197
71614.3410212958,53.70970423565753,71614.3410212958,-269.3055512133573
72443.59600750468,53.60972031104814,72443.59600750468,-269.3143797132304
73282.45331389614,53.50973601651113,73282.45331389614,-269.3231173761864
74131.02413009756,53.40975136031887,74131.02413009756,-269.3317653581254
74989.42093325146,53.30976635064266,74989.42093325146,-269.3403248047585
75857.75750292433,53.20978099538316,75857.75750292433,-269.3487968484649
76736.14893618792,53.10979530232952,76736.14893618792,-269.3571826116261
77624.71166287527,53.00980927908157,77624.71166287527,-269.3654832046773
78523.56346101336,52.90982293299295,78523.56346101336,-269.3736997257153
79432.82347243441,52.80983627135115,79432.82347243441,-269.381833263765
80352.61221856806,52.70984930120993,80352.61221856806,-269.389884895456
81283.05161641634,52.60986202946926,81283.05161641634,-269.3978556869442
82224.26499471361,52.50987446286117,82224.26499471361,-269.405746693193
83176.37711027368,52.40988660802582,83176.37711027368,-269.4135589603139
84139.51416452618,52.30989847133529,84139.51416452618,-269.4212935216012
85113.8038202444,52.20991005912177,85113.8038202444,-269.4289514022606
86099.3752184669,52.10992137751049,86099.3752184669,-269.4365336160159
87096.35899561498,52.00993243251521,87096.35899561498,-269.4440411674228
88104.8873008084,51.90994322995572,88104.8873008084,-269.4514750498787
89125.09381338164,51.80995377561398,89125.09381338164,-269.4588362491319
90157.11376060286,51.70996407504394,90157.11376060286,-269.4661257393522
91201.08393559825,51.60997413371233,91201.08393559825,-269.4733444860947
92257.14271548367,51.50998395691963,92257.14271548367,-269.4804934451243
93325.43007970655,51.40999354993397,93325.43007970655,-269.487573564339
94406.08762859988,51.31000291778807,94406.08762859988,-269.4945857804711
95499.25860215124,51.21001206547983,95499.25860215124,-269.5015310230341
96605.08789898908,51.11002099785772,96605.08789898908,-269.5084102120513
97723.72209558891,51.01002971963033,97723.72209558891,-269.5152242580917
98855.30946570182,50.91003823544483,98855.30946570182,-269.5219740641629
100000.000000008,50.81004654977967,100000.000000008,-269.5286605239958
101157.945425998,50.71005466709966,101157.945425998,-269.5352845241734
102329.2992280836,50.61006259164731,102329.2992280836,-269.5418469410022
103514.2166679427,50.51007032767407,103514.2166679427,-269.5483486447663
104712.8548050984,50.41007787926284,104712.8548050984,-269.5547904964799
105925.3725177374,50.31008525039644,105925.3725177374,-269.5611733492477
107151.9305237693,50.21009244499047,107151.9305237693,-269.5674980486843
108392.6914021291,50.11009946688419,108392.6914021291,-269.5737654330326
109647.8196143274,50.01010631976971,109647.8196143274,-269.5799763322071
110917.4815262491,49.91011300731343,110917.4815262491,-269.5861315693583
112201.8454302054,49.81011953301716,112201.8454302054,-269.5922319596687
113501.0815672407,49.71012590036599,113501.0815672407,-269.5982783113869
114815.3621496976,49.61013211272353,114815.3621496976,-269.6042714255876
116144.8613840437,49.51013817340551,116144.8613840437,-269.6102120964603
117489.7554939625,49.41014408561373,117489.7554939625,-269.616101110996
118850.2227437115,49.3101498524642,118850.2227437115,-269.6219392491709
120226.4434617511,49.2101554770418,120226.4434617511,-269.6277272846721
121618.6000646467,49.11016096230662,121618.6000646467,-269.6334659844937
123026.8770812482,49.01016631119753,123026.8770812482,-269.6391561089726
124451.4611771487,48.91017152649398,124451.4611771487,-269.6447984114621
125892.541179427,48.81017661102041,125892.541179427,-269.6503936404067
127350.3081016766,48.71018156745027,127350.3081016766,-269.6559425367296
128824.9551693239,48.61018639838443,128824.9551693239,-269.6614458353473
130316.6778452406,48.51019110639184,130316.6778452406,-269.6669042656632
131825.6738556515,48.41019569402106,131825.6738556515,-269.672318551436
133352.1432163433,48.31020016364106,133352.1432163433,-269.6776894093339
134896.2882591764,48.2102045176419,134896.2882591764,-269.6830175512815
136458.3136589036,48.11020875836009,136458.3136589036,-269.688303683515
138038.4264602998,48.01021288799979,138038.4264602998,-269.6935485059444
139636.8361056052,47.91021690880847,139636.8361056052,-269.698752714405
141253.754462287,47.81022082284715,141253.754462287,-269.7039169975103
142889.395851122,47.7102246322408,142889.395851122,-269.7090420402251
144543.9770746047,47.61022833897704,144543.9770746047,-269.7141285212157
146217.7174456839,47.51023194501609,146217.7174456839,-269.7191771144378
147910.838816833,47.41023545233831,147910.838816833,-269.7241884896803
149623.5656094557,47.31023886270151,149623.5656094557,-269.7291633099426
151356.1248436333,47.21024217802227,151356.1248436333,-269.7341022354239
153108.7461682157,47.11024539998593,153108.7461682157,-269.739005919965
154881.6618912609,47.01024853030989,154881.6618912609,-269.7438750134267
156675.1070108279,46.91025157067109,156675.1070108279,-269.7487101611619
158489.3192461245,46.81025452263118,158489.3192461245,-269.7535120034793
160324.5390690175,46.71025738784146,160324.5390690175,-269.7582811774976
162181.0097359065,46.61026016777547,162181.0097359065,-269.7630183146923
164058.9773199676,46.51026286388232,164058.9773199676,-269.7677240426773
165958.6907437699,46.41026547761772,165958.6907437699,-269.7723989852299
167880.40181227,46.31026801038186,167880.40181227,-269.777043762043
169824.3652461886,46.21027046348531,169824.3652461886,-269.7816589881466
171790.8387157731,46.11027283826466,171790.8387157731,-269.7862452755979
173780.0828749521,46.01027513595426,173780.0828749521,-269.7908032318857
175792.361395884,45.91027735775864,175792.361395884,-269.7953334610027
177827.9410039072,45.81027950490367,177827.9410039072,-269.7998365635188
179887.0915128939,45.71028157848809,179887.0915128939,-269.8043131360341
181970.0858610136,45.61028357960893,181970.0858610136,-269.8087637716366
184077.200146911,45.51028550933992,184077.200146911,-269.8131890601687
186208.7136663024,45.41028736872509,186208.7136663024,-269.8175895882649
188364.9089489959,45.31028915872287,188364.9089489959,-269.8219659389984
190546.0717963408,45.21029088028575,190546.0717963408,-269.8263186921301
192752.4913191098,45.11029253432436,192752.4913191098,-269.8306484245624
194984.459975821,45.01029412173253,194984.459975821,-269.8349557101863
197242.273611502,44.91029564335111,197242.273611502,-269.8392411197911
199526.2314969048,44.81029709997657,199526.2314969048,-269.8435052211844
201836.6363681731,44.71029849237566,201836.6363681731,-269.8477485793152
204173.7944669702,44.61029982126561,204173.7944669702,-269.8519717565334
206538.0155810704,44.51030108742026,206538.0155810704,-269.8561753128167
208929.6130854216,44.4103022914706,208929.6130854216,-269.8603598049571
211348.9039836826,44.31030343405141,211348.9039836826,-269.8645257874805
213796.2089502414,44.21030451574461,213796.2089502414,-269.8686738122819
216271.8523727204,44.11030553717752,216271.8523727204,-269.8728044294019
218776.1623949739,44.01030649885078,218776.1623949739,-269.8769181858725
221309.4709605826,43.91030740132068,221309.4709605826,-269.8810156272396
223872.113856853,43.81030824500191,223872.113856853,-269.8850972959734
226464.4307593252,43.7103090303978,226464.4307593252,-269.8891637333322
229086.7652767968,43.61030975788073,229086.7652767968,-269.8932154780007
231739.4649968676,43.51031042787247,231739.4649968676,-269.8972530668909
234422.8815320122,43.41031104073085,234422.8815320122,-269.9012770352452
237137.3705661858,43.3103115967516,237137.3705661858,-269.9052879160928
239883.2919019696,43.21031209623201,239883.2919019696,-269.9092862408933
242661.0095082623,43.11031253946221,242661.0095082623,-269.9132725395722
245470.891568524,43.01031292665284,245470.891568524,-269.9172473402607
248313.3105295783,42.91031325802258,248313.3105295783,-269.9212111697176
251188.6431509795,42.81031353377132,251188.6431509795,-269.9251645533629
254097.2705549523,42.71031375400825,254097.2705549523,-269.9291080148039
257039.5782769084,42.6103139188611,257039.5782769084,-269.9330420766132
260015.9563165495,42.51031402843588,260015.9563165495,-269.9369672601989
263026.7991895608,42.41031408275131,263026.7991895608,-269.9408840854571
266072.5059799038,42.31031408189119,266072.5059799038,-269.9447930716718
269153.4803927147,42.21031402579803,269153.4803927147,-269.9486947364837
272270.1308078146,42.11031391448698,272270.1308078146,-269.9525895971073
275422.8703338403,42.01031374787735,275422.8703338403,-269.956478169492
278612.116863001,41.91031352590825,278612.116863001,-269.9603609689782
281838.2931264697,41.81031324841976,281838.2931264697,-269.9642385098501
285101.8267504155,41.71031291530795,285101.8267504155,-269.9681113060644
288403.1503126855,41.61031252634813,288403.1503126855,-269.9719798705078
291742.7014001419,41.51031208138511,291742.7014001419,-269.9758447159741
295120.9226666641,41.410311580163,295120.9226666641,-269.9797063544368
298538.2618918217,41.31031102239174,298538.2618918217,-269.9835652973764
301995.1720402277,41.21031040785262,301995.1720402277,-269.9874220564701
305492.1113215777,41.11030973616221,305492.1113215777,-269.9912771423545
309029.5432513858,41.01030900695409,309029.5432513858,-269.9951310656867
312607.9367124226,40.91030821988106,312607.9367124226,-269.9989843373143
316227.7660168654,40.81030737452464,316227.7660168654,-270.0028374676589
319889.5109691676,40.71030647038285,319889.5109691676,-270.0066909668768
323593.6569296564,40.61030550703912,323593.6569296564,-270.0105453458627
327340.6948788667,40.51030448397856,327340.6948788667,-270.014401115109
331131.1214826199,40.41030340062466,331131.1214826199,-270.0182587852225
334965.4391578568,40.31030225644463,334965.4391578568,-270.0221188674846
338844.156139232,40.21030105080418,338844.156139232,-270.0259818729945
342767.7865464802,40.11029978306556,342767.7865464802,-270.0298483135556
346736.8504525619,40.01029845259475,346736.8504525619,-270.0337187014535
350751.8739525986,39.91029705865428,350751.8739525986,-270.0375935491543
354813.3892336065,39.81029560050827,354813.3892336065,-270.0414733699641
358921.9346450366,39.71029407741158,358921.9346450366,-270.0453586778866
363078.0547701331,39.61029248853644,363078.0547701331,-270.0492499874333
367282.3004981168,39.51029083306314,367282.3004981168,-270.0531478140291
371535.2290972051,39.4102891100851,371535.2290972051,-270.0570526738686
375837.4042884771,39.31028731870575,375837.4042884771,-270.0609650841037
380189.3963205946,39.210285458005,380189.3963205946,-270.064885563021
384591.7820453874,39.110283526963,384591.7820453874,-270.0688146297143
389045.1449943148,39.01028152457825,389045.1449943148,-270.0727528045279
393550.0754558121,38.91027944979144,393550.0754558121,-270.0767006090289
398107.1705535323,38.81027730149634,398107.1705535323,-270.0806585659303
402717.0343254946,38.71027507856872,402717.0343254946,-270.0846271993446
407380.2778041487,38.61027277982074,407380.2778041487,-270.0886070348204
412097.5190973666,38.51027040406196,412097.5190973666,-270.0925985992994
416869.3834703722,38.41026795000879,416869.3834703722,-270.0966024212991
421696.5034286195,38.31026541637051,421696.5034286195,-270.1006190308769
426579.5188016304,38.21026280180954,426579.5188016304,-270.1046489598961
431519.0768278035,38.11026010495731,431519.0768278035,-270.1086927419156
436515.8322402047,38.01025732442307,436515.8322402047,-270.1127509123568
441570.4473533517,37.91025445865678,441570.4473533517,-270.1168240082291
446683.5921510028,37.81025150619953,446683.5921510028,-270.120912568842
451855.9443749625,37.71024846546383,451855.9443749625,-270.1250171353444
457088.1896149157,37.61024533484806,457088.1896149157,-270.1291382511085
462381.0213993015,37.51024211275868,462381.0213993015,-270.133276461705
467735.1412872399,37.41023879740484,467735.1412872399,-270.1374323146695
473151.2589615227,37.31023538710323,473151.2589615227,-270.141606360215
478630.0923226811,37.21023187997698,478630.0923226811,-270.1457991505186
484172.3675841426,37.11022827426657,484172.3675841426,-270.150011240676
489778.81936849,37.01022456800474,489778.81936849,-270.1542431879262
495450.1908048345,36.91022075926738,495450.1908048345,-270.1584955523662
501187.2336273171,36.81021684605128,501187.2336273171,-270.1627688966951
506990.7082747497,36.71021282625065,506990.7082747497,-270.1670637861573
512861.3839914108,36.61020869777641,512861.3839914108,-270.1713807891653
518800.0389290076,36.51020445844112,518800.0389290076,-270.1757204767692
524807.4602498197,36.41020010600367,524807.4602498197,-270.1800834230609
530884.444231036,36.31019563817933,530884.444231036,-270.18447020523
537031.7963703009,36.21019105257874,537031.7963703009,-270.1888814034183
543250.331492482,36.11018634681878,543250.331492482,-270.1933176012284
549540.873857674,36.01018151842552,549540.873857674,-270.1977793853844
555904.2572704536,35.91017656482221,555904.2572704536,-270.2022673458826
562341.3251903998,35.81017148339421,562341.3251903998,-270.2067820762235
568852.9308438927,35.71016627151637,568852.9308438927,-270.2113241735294
575439.9373372089,35.61016092639272,575439.9373372089,-270.2158942382664
582103.217770924,35.51015544522329,582103.217770924,-270.2204928747163
588843.6553556422,35.41014982507927,588843.6553556422,-270.2251206907217
595662.1435290644,35.31014406308658,595662.1435290644,-270.2297782982748
602559.5860744123,35.21013815610844,602559.5860744123,-270.2344663128484
609536.8972402244,35.11013210109267,609536.8972402244,-270.2391853541728
616595.001861538,35.01012589486219,616595.001861538,-270.2439360460169
623734.8354824758,34.91011953410011,623734.8354824758,-270.2487190160639
630957.3444802505,34.81011301552029,630957.3444802505,-270.253534896538
638263.4861906066,34.71010633558883,638263.4861906066,-270.258384323495
645654.2290347142,34.61009949087664,645654.2290347142,-270.2632679378578
653130.5526475317,34.51009247776759,653130.5526475317,-270.2681863847952
660693.4480076561,34.41008529255664,660693.4480076561,-270.2731403139458
668343.9175686755,34.31007793147597,668343.9175686755,-270.2781303797082
676082.9753920434,34.21007039063493,676082.9753920434,-270.2831572410971
683911.6472814917,34.11006266605608,683911.6472814917,-270.2882215619007
691830.9709189996,34.0100547537368,691830.9709189996,-270.2933240109907
699841.9960023374,33.91004664947873,699841.9960023374,-270.2984652619856
707945.7843842027,33.81003834900072,707945.7843842027,-270.3036459935644
716143.4102129675,33.71002984797811,716143.4102129675,-270.3088668896643
724435.9600750564,33.61002114190581,724435.9600750564,-270.3141286393269
732824.5331389712,33.51001222626739,732824.5331389712,-270.3194319370895
741310.2413009854,33.41000309628883,741310.2413009854,-270.3247774825902
749894.2093325246,33.30999374724386,749894.2093325246,-270.3301659812641
758577.5750292534,33.20998417423078,758577.5750292534,-270.3355981440406
767361.4893618894,33.10997437218368,767361.4893618894,-270.3410746873543
776247.116628763,33.00996433599023,776247.116628763,-270.3465963336458
785235.634610144,32.90995406040387,785235.634610144,-270.3521638110587
794328.2347243546,32.80994353991651,794328.2347243546,-270.357777853575
803526.1221856913,32.70993276916722,803526.1221856913,-270.3634392015764
812830.5161641742,32.6099217424424,812830.5161641742,-270.369148601259
822242.649947147,32.5099104539228,822242.649947147,-270.3749068050617
831763.7711027478,32.40989889772662,831763.7711027478,-270.3807145719406
841395.1416452728,32.30988706780362,841395.1416452728,-270.386572667084
851138.0382024552,32.20987495798445,851138.0382024552,-270.3924818623633
860993.7521846803,32.10986256188917,860993.7521846803,-270.3984429360272
870963.5899561613,32.00984987302857,870963.5899561613,-270.4044566732134
881048.8730080958,31.90983688478898,881048.8730080958,-270.4105238658486
891250.9381338282,31.80982359031788,891250.9381338282,-270.4166453126173
901571.1376060406,31.70980998272841,901571.1376060406,-270.422821819449
912010.8393559945,31.60979605492173,912010.8393559945,-270.4290541992578
922571.4271548489,31.50978179950879,922571.4271548489,-270.4353432719529
933254.3007970778,31.40976720914578,933254.3007970778,-270.4416898651484
944060.8762860112,31.30975227614539,944060.8762860112,-270.4480948135819
954992.5860215249,31.20973699280081,954992.5860215249,-270.4545589596643
966050.8789899034,31.10972135103028,966050.8789899034,-270.4610831532571
977237.2209559018,31.0097053427311,977237.2209559018,-270.4676682520796
988553.094657031,30.9096889595268,988553.094657031,-270.4743151216259
1000000.000000093,30.80967219289733,1000000.000000093,-270.4810246353377
1011579.454259993,30.70965503407471,1011579.454259993,-270.4877976746773
1023292.99228085,30.60963747417391,1023292.99228085,-270.4946351293243
1035142.166679441,30.50961950398097,1035142.166679441,-270.5015378970791
1047128.548050997,30.40960111422212,1047128.548050997,-270.5085068842885
1059253.725177388,30.30958229525668,1059253.725177388,-270.5155430055838
1071519.305237707,30.20956303729045,1071519.305237707,-270.5226471842549
1083926.914021305,30.10954333034727,1083926.914021305,-270.5298203524266
1096478.196143288,30.00952316420753,1096478.196143288,-270.5370634508537
1109174.815262505,29.90950252836069,1109174.815262505,-270.5443774293129
1122018.454302069,29.80948141213061,1122018.454302069,-270.5517632466218
1135010.815672422,29.70945980450055,1135010.815672422,-270.559221870623
1148153.621496991,29.60943769430378,1148153.621496991,-270.5667542786194
1161448.613840452,29.50941507008412,1161448.613840452,-270.5743614571836
1174897.55493964,29.40939192008087,1174897.55493964,-270.5820444023796
1188502.22743713,29.30936823234583,1188502.22743713,-270.5898041199987
1202264.434617526,29.2093439946064,1202264.434617526,-270.5976416254886
1216186.000646483,29.10931919427675,1216186.000646483,-270.6055579441033
1230268.770812498,29.00929381862684,1230268.770812498,-270.6135541112802
1244514.611771503,28.90926785445318,1244514.611771503,-270.6216311723279
1258925.411794286,28.80924128844625,1258925.411794286,-270.6297901829951
1273503.081016782,28.70921410677018,1273503.081016782,-270.6380322091019
1288249.551693256,28.6091862955033,1288249.551693256,-270.6463583272843
1303166.778452423,28.50915784030438,1303166.778452423,-270.6547696245531
1318256.738556532,28.40912872645535,1318256.738556532,-270.6632671986332
1333521.432163451,28.30909893902879,1333521.432163451,-270.6718521582235
1348962.882591782,28.20906846265204,1348962.882591782,-270.6805256228771
1364583.136589054,28.10903728169535,1364583.136589054,-270.6892887233549
1380384.264603016,28.00900538012054,1380384.264603016,-270.6981426016007
1396368.361056071,27.90897274154949,1396368.361056071,-270.7070884109119
1412537.544622889,27.80893934926093,1412537.544622889,-270.7161273161354
1428893.958511239,27.70890518611643,1428893.958511239,-270.72526049366
1445439.770746066,27.60887023463944,1445439.770746066,-270.7344891317165
1462177.174456858,27.50883447693192,1462177.174456858,-270.7438144303855
1479108.388168349,27.40879789467654,1479108.388168349,-270.7532376017222
1496235.656094576,27.30876046923814,1496235.656094576,-270.7627598700696
1513561.248436353,27.20872218147672,1513561.248436353,-270.7723824719495
1531087.461682177,27.10868301182942,1531087.461682177,-270.782106656306
1548816.61891263,27.008642940411,1548816.61891263,-270.7919336847939
1566751.070108299,26.9086019467899,1566751.070108299,-270.8018648316401
1584893.192461266,26.80856001009508,1584893.192461266,-270.8119013839514
1603245.390690196,26.70851710897584,1603245.390690196,-270.8220446417604
1621810.097359086,26.60847322175304,1621810.097359086,-270.8322959183657
1640589.773199697,26.50842832608939,1640589.773199697,-270.8426565401924
1659586.90743772,26.4083823992156,1659586.90743772,-270.8531278470921
1678804.018122722,26.30833541794235,1678804.018122722,-270.8637111925341
1698243.652461908,26.20828735849815,1698243.652461908,-270.8744079436159
1717908.387157754,26.10823819657983,1717908.387157754,-270.8852194812618
1737800.828749543,26.00818790738753,1737800.828749543,-270.8961472003745
1757923.613958862,25.90813646563401,1757923.613958862,-270.9071925100596
1778279.410039095,25.80808384531634,1778279.410039095,-270.918356833505
1798870.915128962,25.70803002005403,1798870.915128962,-270.9296416085042
1819700.85861016,25.60797496280964,1819700.85861016,-270.9410482873165
1840772.001469134,25.50791864593566,1840772.001469134,-270.9525783368679
1862087.136663048,25.4078610411982,1862087.136663048,-270.9642332389928
1883649.089489983,25.30780211982012,1883649.089489983,-270.9760144905167
1905460.717963432,25.20774185233423,1905460.717963432,-270.9879236034324
1927524.913191123,25.10768020867445,1927524.913191123,-270.9999621049769
1949844.599758235,25.00761715811542,1949844.599758235,-271.0121315378793
1972422.736115046,24.90755266926,1972422.736115046,-271.0244334604182
1995262.314969074,24.807486710098,1995262.314969074,-271.0368694467041
2018366.363681758,24.70741924784936,2018366.363681758,-271.0494410866257
2041737.944669729,24.60735024911741,2041737.944669729,-271.062149986233
2065380.155810731,24.50727967976345,2065380.155810731,-271.0749977677358
2089296.130854244,24.40720750491958,2089296.130854244,-271.0879860696787
2113489.039836854,24.30713368897086,2113489.039836854,-271.1011165471229
2137962.089502442,24.20705819560855,2137962.089502442,-271.1143908718282
2162718.523727233,24.10698098772432,2162718.523727233,-271.1278107323271
2187761.623949768,24.00690202737327,2187761.623949768,-271.141377834097
2213094.709605855,23.90682127594051,2213094.709605855,-271.1550938998167
2238721.13856856,23.80673869384727,2238721.13856856,-271.1689606693112
2264644.307593283,23.70665424087344,2264644.307593283,-271.1829798999852
2290867.652767999,23.60656787576615,2290867.652767999,-271.1971533666823
2317394.649968707,23.5064795566195,2317394.649968707,-271.2114828621085
2344228.815320154,23.40638924046645,2344228.815320154,-271.2259701967438
2371373.70566189,23.30629688362061,2371373.70566189,-271.2406171992237
2398832.919019728,23.2062024413725,2398832.919019728,-271.2554257162842
2426610.095082656,23.10610586820725,2426610.095082656,-271.270397613111
2454708.915685273,23.00600711757394,2454708.915685273,-271.2855347733264
2483133.105295816,22.90590614205402,2483133.105295816,-271.3008390992684
2511886.431509829,22.80580289317463,2511886.431509829,-271.3163125120184
2540972.705549557,22.70569732162441,2540972.705549557,-271.3319569517399
2570395.782769118,22.60558937695061,2570395.782769118,-271.347774377632
2600159.56316553,22.50547900772527,2600159.56316553,-271.3637667681985
2630267.991895643,22.40536616155163,2630267.991895643,-271.3799361214174
2660725.059799074,22.30525078494564,2660725.059799074,-271.3962844548554
2691534.803927183,22.20513282336744,2691534.803927183,-271.412813805787
2722701.308078183,22.10501222116071,2722701.308078183,-271.4295262313793
2754228.70333844,22.00488892156562,2754228.70333844,-271.4464238088729
2786121.168630047,21.90476286677704,2786121.168630047,-271.4635086357304
2818382.931264734,21.80463399776997,2818382.931264734,-271.4807828297331
2851018.267504193,21.70450225441263,2851018.267504193,-271.4982485291787
2884031.503126893,21.60436757540221,2884031.503126893,-271.5159078930567
2917427.014001457,21.50422989821598,2917427.014001457,-271.5337631011322
2951209.22666668,21.40408915917573,2951209.22666668,-271.5518163541629
2985382.618918258,21.3039452933154,2985382.618918258,-271.5700698739845
3019951.720402318,21.20379823445115,3019951.720402318,-271.5885259037177
3054921.113215819,21.10364791513933,3054921.113215819,-271.6071867078957
3090295.4325139,21.00349426666947,3090295.4325139,-271.6260545726259
3126079.367124268,20.90333721900962,3126079.367124268,-271.6451318056889
3162277.660168696,20.80317670080645,3162277.660168696,-271.664420736744
3198895.109691719,20.70301263940665,3198895.109691719,-271.6839237174937
3235936.569296607,20.60284496075479,3235936.569296607,-271.7036431217184
3273406.94878871,20.50267358948428,3273406.94878871,-271.723581345582
3311311.214826243,20.40249844874547,3311311.214826243,-271.7437408075966
3349654.391578613,20.30231946032543,3349654.391578613,-271.7641239489278
3388441.561392366,20.20213654463385,3388441.561392366,-271.7847332334853
3427677.865464848,20.10194962053078,3427677.865464848,-271.8055711479919
3467368.504525666,20.00175860556224,3467368.504525666,-271.8266402022848
3507518.739526033,19.90156341559085,3507518.739526033,-271.8479429292624
3548133.892336112,19.80136396511186,3548133.892336112,-271.869481885189
3589219.346450415,19.70116016711503,3589219.346450415,-271.8912596497923
3630780.54770138,19.60095193295157,3630780.54770138,-271.9132788263199
3672823.004981218,19.50073917254592,3672823.004981218,-271.9355420418298
3715352.290972101,19.40052179416055,3715352.290972101,-271.9580519471921
3758374.042884822,19.30029970445295,3758374.042884822,-271.9808112172687
3801893.963205997,19.2000728085231,3801893.963205997,-272.0038225511298
3845917.820453926,19.09984100986701,3845917.820453926,-272.027088672091
3890451.449943201,18.99960421024074,3890451.449943201,-272.0506123278834
3935500.754558174,18.89936230988199,3935500.754558174,-272.0743962908245
3981071.705535377,18.79911520723266,3981071.705535377,-272.0984433579005
4027170.343255,18.69886279911779,4027170.343255,-272.1227563509714
4073802.778041542,18.59860498065987,4073802.778041542,-272.147338116866
4120975.190973721,18.49834164517069,4120975.190973721,-272.1721915274389
4168693.834703778,18.39807268433813,4168693.834703778,-272.1973194799076
4216965.034286252,18.2977979880387,4216965.034286252,-272.2227248967827
4265795.188016362,18.19751744439296,4265795.188016362,-272.2484107261342
4315190.768278092,18.09723093979967,4315190.768278092,-272.2743799417031
4365158.322402105,17.99693835874453,4365158.322402105,-272.300635542963
4415704.473533575,17.89663958406093,4415704.473533575,-272.327180555397
4466835.921510087,17.79633449658857,4466835.921510087,-272.3540180304564
4518559.443749686,17.69602297553757,4518559.443749686,-272.3811510459029
4570881.896149218,17.5957048980609,4570881.896149218,-272.4085827057392
4623810.213993076,17.49538013962668,4623810.213993076,-272.4363161405263
4677351.412872461,17.39504857382262,4677351.412872461,-272.4643545074493
4731512.589615289,17.2947100722756,4731512.589615289,-272.4927009904135
4786300.923226873,17.1943645047693,4786300.923226873,-272.5213588002531
4841723.67584149,17.09401173925966,4841723.67584149,-272.5503311748784
4897788.193684964,16.99365164166118,4897788.193684964,-272.5796213793282
4954501.908048411,16.89328407615931,4954501.908048411,-272.609232706079
5011872.336273238,16.79290890483973,5011872.336273238,-272.6391684750129
5069907.082747565,16.69252598805681,5069907.082747565,-272.669432033732
5128613.839914176,16.5921351841158,5128613.839914176,-272.7000267575781
5188000.389290145,16.49173634937915,5188000.389290145,-272.7309560498444
5248074.602498266,16.39132933834706,5248074.602498266,-272.7622233419763
5308844.44231043,16.29091400349159,5308844.44231043,-272.7938320936243
5370317.963703081,16.19049019548406,5370317.963703081,-272.8257857929432
5432503.314924893,16.0900577628707,5432503.314924893,-272.858087956602
5495408.738576814,15.98961655235232,5495408.738576814,-272.8907421300614
5559042.57270461,15.88916640879732,5559042.57270461,-272.923751887803
5623413.251904072,15.78870717489068,5623413.251904072,-272.9571208333018
5688529.308439003,15.68823869156177,5688529.308439003,-272.9908525994057
5754399.373372165,15.58776079768796,5754399.373372165,-273.0249508483751
5821032.177709318,15.48727333028069,5821032.177709318,-273.0594192722027
5888436.553556501,15.38677612438193,5888436.553556501,-273.094261592711
5956621.435290723,15.28626901311222,5956621.435290723,-273.129481561809
6025595.860744203,15.185751827686,6025595.860744203,-273.1650829616306
6095368.972402325,15.08522439736171,6095368.972402325,-273.2010696047988
6165950.018615463,14.98468654957225,6165950.018615463,-273.2374453347073
6237348.354824841,14.8841381097123,6237348.354824841,-273.2742140255166
6309573.444802589,14.78357890146149,6309573.444802589,-273.3113795826948
6382634.861906151,14.68300874654416,6382634.861906151,-273.3489459430061
6456542.290347228,14.5824274647585,6456542.290347228,-273.386917074827
6531305.526475404,14.48183487414849,6531305.526475404,-273.425296978496
6606934.480076649,14.38123079087872,6606934.480076649,-273.4640896864084
6683439.175686844,14.28061502925567,6683439.175686844,-273.5032992633837
6760829.753920523,14.17998740189263,6760829.753920523,-273.5429298070055
6839116.472815008,14.07934771952814,6839116.472815008,-273.5829854477658
6918309.709190088,13.97869579111891,6918309.709190088,-273.6234703494479
6998419.960023467,13.87803142387502,6998419.960023467,-273.6643887093874
7079457.843842121,13.77735442338797,7079457.843842121,-273.7057447589224
7161434.102129771,13.67666459344978,7161434.102129771,-273.7475427635684
7244359.600750661,13.57596173619089,7244359.600750661,-273.7897870233972
7328245.331389811,13.47524565206403,7328245.331389811,-273.8324818734689
7413102.413009955,13.37451613992111,7413102.413009955,-273.875631684105
7498942.093325348,13.27377299700665,7498942.093325348,-273.9192408613852
7585775.750292636,13.17301601897167,7585775.750292636,-273.9633138474071
7673614.893618998,13.07224499997046,7673614.893618998,-274.0078551208375
7762471.166287736,12.9714597325736,7762471.166287736,-274.0528691972763
7852356.346101547,12.87066000787303,7852356.346101547,-274.0983606296283
7943282.347243654,12.76984561558327,7943282.347243654,-274.1443340087525
8035261.221857022,12.66901634391724,8035261.221857022,-274.1907939637666
8128305.161641852,12.56817197976023,8128305.161641852,-274.2377451626345
8222426.499471582,12.46731230858996,8222426.499471582,-274.2851923126971
8317637.711027591,12.36643711464007,8317637.711027591,-274.3331401611841
8413951.416452842,12.26554618084094,8413951.416452842,-274.381593495763
8511380.382024666,12.16463928886981,8511380.382024666,-274.4305571451447
8609937.521846918,12.06371621919418,8609937.521846918,-274.4800359797175
8709635.899561729,11.96277675124662,8709635.899561729,-274.5300349121869
8810488.730081076,11.86182066315918,8810488.730081076,-274.5805588981064
8912509.381338401,11.76084773212004,8912509.381338401,-274.6316129367431
9015711.376060525,11.65985773424642,9015711.376060525,-274.6832020716717
9120108.393560065,11.55885044469194,9120108.393560065,-274.7353313916072
9225714.27154861,11.4578256376058,9225714.27154861,-274.7880060310185
9332543.007970901,11.35678308630035,9332543.007970901,-274.8412311711042
9440608.762860237,11.2557225631848,9440608.762860237,-274.8950120405578
9549925.860215375,11.15464383987299,9549925.860215375,-274.9493539163721
9660508.789899161,11.0535466872486,9660508.789899161,-275.0042621248592
9772372.209559146,10.95243087536454,9772372.209559146,-275.0597420424288
9885530.946570441,10.85129617368667,9885530.946570441,-275.1157990967242
10000000.00000107,10.75014235095425,10000000.00000107,-275.1724387674722
10115794.54260006,10.64896917544543,10115794.54260006,-275.2296665877083
10232929.92280863,10.5477764147128,10232929.92280863,-275.2874881446505
10351421.66679454,10.44656383583789,10351421.66679454,-275.3459090809884
10471285.48051011,10.34533120546744,10471285.48051011,-275.4049350959566
10592537.25177402,10.24407828979863,10592537.25177402,-275.4645719466187
10715193.05237721,10.14280485452149,10715193.05237721,-275.5248254490038
10839269.14021319,10.0415106650265,10839269.14021319,-275.5857014795231
10964781.96143302,9.940195486412209,10964781.96143302,-275.6472059763293
11091748.1526252,9.838859083277892,11091748.1526252,-275.7093449404822
11220184.54302084,9.737501220071069,11220184.54302084,-275.7721244376247
11350108.15672437,9.636121660881496,11350108.15672437,-275.8355505993568
11481536.21497006,9.534720169582373,11481536.21497006,-275.8996296248132
11614486.13840467,9.433296509743611,11614486.13840467,-275.9643677821765
11748975.54939656,9.33185044478728,11748975.54939656,-276.0297714103713
11885022.27437146,9.230381737753508,11885022.27437146,-276.0958469206413
12022644.34617542,9.12889015160345,12022644.34617542,-276.1626007984696
12161860.00646499,9.027375448869977,12161860.00646499,-276.2300396050973
12302687.70812514,8.925837391890489,12302687.70812514,-276.2981699795607
12445146.11771519,8.824275742832162,12445146.11771519,-276.3669986404935
12589254.11794303,8.722690263371899,12589254.11794303,-276.4365323880145
12735030.81016799,8.621080714949684,12735030.81016799,-276.5067781058215
12882495.51693273,8.519446858579073,12882495.51693273,-276.5777427630481
13031667.7845244,8.41778845482046,13031667.7845244,-276.6494334164934
13182567.38556549,8.316105263711936,13182567.38556549,-276.7218572126426
13335214.32163468,8.214397044776184,13335214.32163468,-276.7950213898737
13489628.82591799,8.112663556776896,13489628.82591799,-276.8689332806608
13645831.36589072,8.010904557837323,13645831.36589072,-276.9436003139051
13803842.64603034,7.909119805250329,13803842.64603034,-277.0190300170974
13963683.61056089,7.807309055146715,13963683.61056089,-277.0952300186382
14125375.44622907,7.705472062818666,14125375.44622907,-277.1722080504668
14288939.58511258,7.603608582197541,14288939.58511258,-277.2499719502112
14454397.70746084,7.501718365784498,14454397.70746084,-277.3285296636563
14621771.74456877,7.399801164731239,14621771.74456877,-277.4078892474577
14791083.88168368,7.297856728289359,14791083.88168368,-277.488058871293
14962356.56094596,7.195884803979771,14962356.56094596,-277.5690468207873
15135612.48436373,7.093885136992009,15135612.48436373,-277.650861499646
15310874.61682197,6.991857470309286,15310874.61682197,-277.7335114324773
15488166.1891265,6.889801544353389,15488166.1891265,-277.8170052674588
15667510.7010832,6.787717096702613,15667510.7010832,-277.9013517787222
15848931.92461286,6.685603861792075,15848931.92461286,-277.9865598690626
16032453.90690216,6.583461570700844,16032453.90690216,-278.0726385725005
16218100.97359107,6.481289950809828,16218100.97359107,-278.1595970569786
16405897.73199718,6.379088725514812,16405897.73199718,-278.247444626863
16595869.07437742,6.276857613895328,16595869.07437742,-278.3361907256792
16788040.18122744,6.174596330273198,16788040.18122744,-278.4258449384864
16982436.5246193,6.072304583916694,16982436.5246193,-278.5164169945603
17179083.87157776,5.969982078576756,17179083.87157776,-278.607916769947
17378008.28749566,5.867628512286112,17378008.28749566,-278.7003542899905
17579236.13958885,5.765243576546832,17579236.13958885,-278.7937397316214
17782794.10039118,5.662826956351398,17782794.10039118,-278.8880834260443
17988709.15128985,5.560378329263739,17988709.15128985,-278.9833958608955
18197008.58610183,5.457897365279997,18197008.58610183,-279.0796876827681
18407720.01469158,5.355383726164059,18407720.01469158,-279.1769696993948
18620871.36663072,5.25283706496535,18620871.36663072,-279.275252881853
18836490.89490007,5.150257025462126,18836490.89490007,-279.3745483667562
19054607.17963456,5.04764324164778,19054607.17963456,-279.4748674584852
19275249.13191148,4.94499533715338,19275249.13191148,-279.5762216308722
19498445.9975826,4.842312924551457,19498445.9975826,-279.6786225293422
19724227.36115071,4.739595604963351,19724227.36115071,-279.7820819728842
19952623.149691,4.636842967199344,19952623.149691,-279.8866119554854
20183663.63681784,4.53405458735428,20183663.63681784,-279.992224648055
20417379.44669755,4.431230027880177,20417379.44669755,-280.0989323997945
20653801.55810758,4.328368837196686,20653801.55810758,-280.2067477398202
20892961.30854271,4.225470548744563,20892961.30854271,-280.3156833783285
21134890.39836881,4.122534680607123,21134890.39836881,-280.4257522080976
21379620.89502469,4.01956073437087,21379620.89502469,-280.5369673051223
21627185.2372726,3.91654819490064,21627185.2372726,-280.6493419302345
21877616.23949795,3.813496529118689,21877616.23949795,-280.7628895294599
22130947.09605883,3.710405185507839,22130947.09605883,-280.8776237349206
22387211.38568588,3.607273593463982,22387211.38568588,-280.9935583655652
22646443.07593311,3.504101162181354,22646443.07593311,-281.1107074274552
22908676.52768027,3.400887280174913,22908676.52768027,-281.2290851143203
23173946.49968736,3.297631314276392,23173946.49968736,-281.3487058074206
23442288.15320183,3.194332609026158,23442288.15320183,-281.4695840760144
23713737.05661919,3.090990485708101,23713737.05661919,-281.5917346768942
23988329.19019757,2.987604241598012,23988329.19019757,-281.7151725545176
24266100.95082685,2.884173149138512,24266100.95082685,-281.8399128403524
24547089.15685304,2.780696455015117,24547089.15685304,-281.9659708523527
24831331.05295847,2.677173379531572,24831331.05295847,-282.0933620945538
25118864.3150986,2.573603115556693,25118864.3150986,-282.2221022560032
25409727.05549588,2.469984827741853,25409727.05549588,-282.3522072098152
25703957.8276915,2.366317651769304,25703957.8276915,-282.4836930122277
26001595.63165562,2.262600693352443,26001595.63165562,-282.6165759011026
26302679.91895675,2.158833027376427,26302679.91895675,-282.7508722945161
26607250.59799106,2.055013697331432,26607250.59799106,-282.8865987895506
26915348.03927216,1.951141713963958,26915348.03927216,-283.023772160005
27227013.08078216,1.847216054884528,27227013.08078216,-283.1624093549682
27542287.03338474,1.743235663368791,27542287.03338474,-283.3025274964983
27861211.68630082,1.639199447751089,27861211.68630082,-283.444143877789
28183829.31264769,1.53510628030079,28183829.31264769,-283.5872759604251
28510182.67504228,1.430954996624709,28510182.67504228,-283.7319413722753
28840315.03126929,1.326744394620397,28840315.03126929,-283.8781579045624
29174270.14001494,1.222473233775275,29174270.14001494,-284.0259435095548
29512092.26666717,1.118140234080433,29512092.26666717,-284.1753162970261
29853826.18918295,1.013744075278574,29853826.18918295,-284.3262945316712
30199517.20402355,0.9092833963847724,30199517.20402355,-284.4788966300331
30549211.13215857,0.8047567940060159,30549211.13215857,-284.63314115637
30902954.32513938,0.7001628223904095,30902954.32513938,-284.789046820174
31260793.67124307,0.5954999918660251,31260793.67124307,-284.9466324718019
31622776.60168735,0.4907667684911211,31622776.60168735,-285.1059170989742
31988951.09691758,0.3859615729747291,31988951.09691758,-285.2669198229434
32359365.69296648,0.2810827798058118,32359365.69296648,-285.4296598941849
32734069.48788751,0.1761287165875019,32734069.48788751,-285.5941566883994
33113112.14826285,0.07109766306503652,33113112.14826285,-285.7604297020707
33496543.91578655,-0.03401214970188299,33496543.91578655,-285.9284985478454
33884415.61392409,-0.1392025400554851,33884415.61392409,-286.0983829502497
34276778.65464891,-0.2444753766874678,34276778.65464891,-286.2701027403588
34673685.04525709,-0.3498325794231134,34673685.04525709,-286.4436778514553
35075187.39526077,-0.4552761200253185,35075187.39526077,-286.6191283133051
35481338.92336157,-0.5608080230369942,35481338.92336157,-286.7964742473986
35892193.46450459,-0.666430366534933,35892193.46450459,-286.9757358614124
36307805.47701425,-0.772145283217996,36307805.47701425,-287.1569334431969
36728230.04981263,-0.8779549606632554,36728230.04981263,-287.3400873559056
37153522.90972147,-0.9838616427269329,37153522.90972147,-287.5252180313377
37583740.42884868,-1.089867630051085,37583740.42884868,-287.7123459641371
38018939.63206044,-1.19597528098962,38018939.63206044,-287.9014917054488
38459178.20453973,-1.302187012111528,38459178.20453973,-288.0926758569775
38904514.49943249,-1.408505299527218,38904514.49943249,-288.2859190634979
39355007.54558223,-1.514932679275698,39355007.54558223,-288.4812420067831
39810717.05535426,-1.621471748307017,39810717.05535426,-288.6786653983033
40271703.4325505,-1.728125165237126,40271703.4325505,-288.8782099719687
40738027.78041591,-1.834895651070033,40738027.78041591,-289.0798964771022
41209751.90973772,-1.94178599006856,41209751.90973772,-289.2837456704248
41686938.3470383,-2.048799030748195,41686938.3470383,-289.4897783080282
42169650.34286304,-2.155937686153445,42169650.34286304,-289.6980151381007
42657951.88016414,-2.263204935192184,42657951.88016414,-289.9084768917655
43151907.68278146,-2.370603823061608,43151907.68278146,-290.1211842749596
43651583.22402159,-2.478137462164732,43651583.22402159,-290.3361579597126
44157044.7353363,-2.585809032802464,44157044.7353363,-290.5534185748151
44668359.21510143,-2.693621784184677,44668359.21510143,-290.7729866963933
45185594.43749741,-2.801579034842904,45185594.43749741,-290.9948828386022
45708818.96149275,-2.909684173589857,45708818.96149275,-291.219127443886
46238102.13993134,-3.017940660265799,46238102.13993134,-291.4457408719611
46773514.12872519,-3.126352026420583,46773514.12872519,-291.6747433901752
47315125.89615349,-3.234921876128844,47315125.89615349,-291.9061551622377
47863009.23226934,-3.343653886616835,47863009.23226934,-292.1399962369301
48417236.75841551,-3.452551809035027,48417236.75841551,-292.3762865370739
48977881.93685026,-3.561619469166531,48977881.93685026,-292.6150458471128
49545019.08048473,-3.670860768001687,49545019.08048473,-292.8562938015016
50118723.362733,-3.780279682607032,50118723.362733,-293.1000498714906
50699070.82747628,-3.889880266569853,50699070.82747628,-293.3463333527523
51286138.3991424,-3.999666650811355,51286138.3991424,-293.5951633514034
51880003.8929021,-4.109643044103568,51880003.8929021,-293.8465587707773
52480746.02498332,-4.219813733605439,52480746.02498332,-294.1005382969428
53088444.42310496,-4.330183085590905,53088444.42310496,-294.3571203842131
53703179.63703147,-4.440755545921194,53703179.63703147,-294.6163232398148
54325033.1492496,-4.551535640397787,54325033.1492496,-294.8781648089881
54954087.38576881,-4.66252797554869,54954087.38576881,-295.142662758316
55590425.72704679,-4.773737238842563,55590425.72704679,-295.4098344597349
56234132.51904142,-4.885168199239126,56234132.51904142,-295.679696973453
56885293.08439074,-4.996825707379479,56885293.08439074,-295.9522670306009
57543993.73372237,-5.108714696130906,57543993.73372237,-296.2275610155505
58210321.77709389,-5.220840180755591,58210321.77709389,-296.5055949469819
58884365.53556573,-5.333207259124394,58884365.53556573,-296.7863844594647
59566214.35290796,-5.445821112019114,59566214.35290796,-297.0699447835458
60255958.60744277,-5.558687003179791,60255958.60744277,-297.3562907261527
60953689.724024,-5.671810279301972,60953689.724024,-297.645436649877
61659500.18615539,-5.785196370188385,61659500.18615539,-297.9373964518185
62373483.54824918,-5.898850788635453,62373483.54824918,-298.2321835421101
63095734.44802666,-6.012779130215746,63095734.44802666,-298.5298108216708
63826348.6190623,-6.126987073266141,63826348.6190623,-298.8302906592769
64565422.90347307,-6.241480378324984,64565422.90347307,-299.1336348682215
65313055.26475485,-6.356264888039778,65313055.26475485,-299.4398546827624
66069344.8007673,-6.471346526488389,66069344.8007673,-299.7489607333262
66834391.75686926,-6.586731298696265,66834391.75686926,-300.060963021391
67608297.53920607,-6.702425290036381,67608297.53920607,-300.3758708940354
68391164.72815092,-6.818434665410421,68391164.72815092,-300.6936930176693
69183097.09190173,-6.934765668392227,69183097.09190173,-301.0144373509269
69984199.60023554,-7.051424620079741,69984199.60023554,-301.338111118101
70794578.43842208,-7.168417918310205,70794578.43842208,-301.6647207804277
71614341.0212986,-7.285752036099532,71614341.0212986,-301.9942720081042
72443596.0075075,-7.403433520491144,72443596.0075075,-302.3267696509599
73282453.31389901,-7.521468990828108,73282453.31389901,-302.662217709107
74131024.13010046,-7.639865137348353,74131024.13010046,-303.000619302841
74989420.93325439,-7.758628719135944,74989420.93325439,-303.3419766421753
75857757.50292729,-7.877766562187313,75857757.50292729,-303.6862909955655
76736148.93619092,-7.997285557468005,76736148.93619092,-304.0335626585807
77624711.6628783,-8.117192658369927,77624711.6628783,-304.3837909217451
78523563.46101642,-8.237494878212193,78523563.46101642,-304.7369740382824
79432823.4724375,-8.358199287874324,79432823.4724375,-305.0931091911895
80352612.21857119,-8.479313012533879,80352612.21857119,-305.4521924601363
81283051.61641949,-8.600843228848911,81283051.61641949,-305.8142187877385
82224264.99471679,-8.722797161510613,82224264.99471679,-306.1791819464005
83176377.11027689,-8.84518207997762,83176377.11027689,-306.5470745029293
84139514.16452941,-8.96800529455615,84139514.16452941,-306.9178877854908
85113803.82024767,-9.091274152538462,85113803.82024767,-307.2916118484053
86099375.2184702,-9.214996034072948,86099375.2184702,-307.6682354376585
87096358.99561833,-9.339178347677418,87096358.99561833,-308.0477459559973
88104887.3008118,-9.463828525783399,88104887.3008118,-308.4301294279845
89125093.81338507,-9.588954019477528,89125093.81338507,-308.8153704654638
90157113.76060633,-9.714562293685967,90157113.76060633,-309.2034522324837
91201083.93560176,-9.840660821549665,91201083.93560176,-309.5943564112708
92257142.71548723,-9.967257078811201,92257142.71548723,-309.9880631665194
93325430.07971014,-10.0943585377753,93325430.07971014,-310.3845511128793
94406087.6286035,-10.22197266110348,94406087.6286035,-310.7837972794655
95499258.6021549,-10.35010689528255,95499258.6021549,-311.1857770774903
96605087.89899278,-10.47876866381689,96605087.89899278,-311.5904642661528
97723722.09559265,-10.60796535997678,97723722.09559265,-311.9978309218281
98855309.4657056,-10.73770433956476,98855309.4657056,-312.4078474044529
100000000.0000119,-10.86799291308369,100000000.0000119,-312.820482327643
101157945.4260019,-10.99883833777167,101157945.4260019,-313.2357025279713
102329299.2280876,-11.13024780915603,102329299.2280876,-313.6534730355015
103514216.6679467,-11.26222845260715,103514216.6679467,-314.0737570458585
104712854.8051024,-11.39478731433859,104712854.8051024,-314.4965158924688
105925372.5177415,-11.52793135201743,105925372.5177415,-314.9217090211638
107151930.5237734,-11.66166742542535,107151930.5237734,-315.3492939643845
108392691.4021333,-11.79600228652305,108392691.4021333,-315.779226319227
109647819.6143316,-11.93094256919461,109647819.6143316,-316.211459724689
110917481.5262534,-12.06649477891912,110917481.5262534,-316.6459458420511
112201845.4302098,-12.20266528198027,112201845.4302098,-317.0826343360464
113501081.5672451,-12.33946029435631,113501081.5672451,-317.5214728588853
114815362.149702,-12.47688587042467,114815362.149702,-317.9624070358115
116144861.3840482,-12.61494789137876,116144861.3840482,-318.4053804521389
117489755.493967,-12.75365205325669,117489755.493967,-318.8503346438268
118850222.7437161,-12.89300385485858,118850222.7437161,-319.2972090892241
120226443.4617557,-13.03300858529677,120226443.4617557,-319.7459412035284
121618600.0646514,-13.17367131140109,121618600.0646514,-320.1964663369927
123026877.0812529,-13.31499686464659,123026877.0812529,-320.648717774726
124451461.1771535,-13.45698982831084,124451461.1771535,-321.1026267387464
125892541.1794318,-13.59965452386768,125892541.1794318,-321.5581223950907
127350308.1016815,-13.74299499780658,127350308.1016815,-322.0151318615075
128824955.1693289,-13.88701500763943,128824955.1693289,-322.4735802205607
130316677.8452456,-14.03171800826247,130316677.8452456,-322.9333905348365
131825673.8556566,-14.17710713779533,131825673.8556566,-323.3944838663202
133352143.2163485,-14.32318520372862,133352143.2163485,-323.8567792978645
134896288.2591816,-14.4699546684143,134896288.2591816,-324.3201939603875
136458313.6589089,-14.61741763513942,136458313.6589089,-324.7846430621912
138038426.4603051,-14.7655758334898,138038426.4603051,-325.2500399229862
139636836.1056106,-14.91443060513439,139636836.1056106,-325.7162960123365
141253754.4622925,-15.0639828895001,141253754.4622925,-326.1833209903331
142889395.8511276,-15.21423320941925,142889395.8511276,-326.6510227544353
144543977.0746102,-15.36518165680402,144543977.0746102,-327.119307489786
146217717.4456895,-15.51682787849501,146217717.4456895,-327.588079723155
147910838.8168387,-15.66917106225979,147910838.8168387,-328.0572423824971
149623565.6094615,-15.82220992276088,149623565.6094615,-328.5266968609417
151356124.8436392,-15.97594268785757,151356124.8436392,-328.9963430830769
153108746.1682216,-16.13036708519918,153108746.1682216,-329.466079578827
154881661.8912669,-16.28548032882593,154881661.8912669,-329.9358035599437
156675107.0108339,-16.44127910617426,156675107.0108339,-330.4054110021647
158489319.2461306,-16.59775956562964,158489319.2461306,-330.8747967314681
160324539.0690236,-16.75491730406729,160324539.0690236,-331.3438545141645
162181009.7359127,-16.91274735508398,162181009.7359127,-331.8124771535332
164058977.3199739,-17.07124417758751,164058977.3199739,-332.2805565900262
165958690.7437763,-17.23040164482831,165958690.7437763,-332.7479840059422
167880401.8122765,-17.39021303421859,167880401.8122765,-333.2146499337916
169824365.2461951,-17.55067101722804,169824365.2461951,-333.6804443722667
171790838.7157798,-17.71176765044416,171790838.7157798,-334.1452569035949
173780082.8749588,-17.87349436711662,173780082.8749588,-334.6089768153127
175792361.3958907,-18.03584196931149,175792361.3958907,-335.0714932280798
177827941.003914,-18.19880062075999,177827941.003914,-335.5326952282502
179887091.5129008,-18.36235984101744,179887091.5129008,-335.9924719998393
181970085.8610206,-18.52650849987827,181970085.8610206,-336.4507129661517
184077200.1469181,-18.69123481302826,184077200.1469181,-336.9073079308325
186208713.6663095,-18.85652633862596,186208713.6663095,-337.3621472250859
188364908.9490031,-19.02236997486382,188364908.9490031,-337.8151218559806
190546071.7963481,-19.18875195845995,190546071.7963481,-338.2661236603814
192752491.3191172,-19.35565786456235,192752491.3191172,-338.7150454584946
194984459.9758284,-19.52307260739324,194984459.9758284,-339.1617812126377
197242273.6115096,-19.69098044241182,197242273.6115096,-339.6062261873797
199526231.4969124,-19.85936496962302,199526231.4969124,-340.0482771104106
201836636.3681809,-20.02820913796909,201836636.3681809,-340.4878323370189
204173794.466978,-20.19749525143259,204173794.466978,-340.924792014082
206538015.5810783,-20.36720497603292,206538015.5810783,-341.359058246153
208929613.0854296,-20.53731934869018,208929613.0854296,-341.7905352597001
211348903.9836907,-20.70781878706241,211348903.9836907,-342.2191295707576
213796208.9502495,-20.87868310116679,213796208.9502495,-342.6447501484913
216271852.3727286,-21.04989150641952,216271852.3727286,-343.0673085797845
218776162.3949822,-21.22142263807423,218776162.3949822,-343.4867192319988
221309470.960591,-21.39325456722968,221309470.960591,-343.9028994129997
223872113.8568615,-21.56536481861632,223872113.8568615,-344.3157695285965
226464430.7593339,-21.73773038940009,226464430.7593339,-344.7252532383927
229086765.2768055,-21.91032777019727,229086765.2768055,-345.1312776043871
231739464.9968764,-22.08313296710185,231739464.9968764,-345.5337732391689
234422881.5320211,-22.25612152568537,234422881.5320211,-345.9326744452665
237137370.5661948,-22.42926855621318,237137370.5661948,-346.3279193509459
239883291.9019787,-22.6025487604926,239883291.9019787,-346.7194500406134
242661009.5082715,-22.77593646033068,242661009.5082715,-347.1072126739755
245470891.5685334,-22.94940562719546,245470891.5685334,-347.4911576027369
248313310.5295877,-23.122929913551,248313310.5295877,-347.8712394741559
251188643.1509891,-23.29648268533299,251188643.1509891,-348.2474173291541
254097270.554962,-23.47003705587352,254097270.554962,-348.61965468833
257039578.2769182,-23.64356592094673,257039578.2769182,-348.9879196293055
260015956.3165594,-23.8170419949907,260015956.3165594,-349.3521848511213
263026799.1895708,-23.99043784842956,263026799.1895708,-349.7124277302663
266072505.979914,-24.16372594599661,266072505.979914,-350.0686303603559
269153480.392725,-24.3368786857921,269153480.392725,-350.4207795819041
272270130.8078251,-24.50986843918223,272270130.8078251,-350.7688670000765
275422870.3338509,-24.68266759133579,275422870.3338509,-351.1128889842801
278612116.8630117,-24.85524858232758,278612116.8630117,-351.4528466584549
281838293.1264805,-25.02758394840249,281838293.1264805,-351.7887458749693
285101826.7504264,-25.19964636373529,285101826.7504264,-352.1205971728903
288403150.3126965,-25.37140868207621,288403150.3126965,-352.4484157231886
291742701.400153,-25.54284397840986,291742701.400153,-352.7722212588211
295120922.6666754,-25.71392559044392,295120922.6666754,-353.0920379875757
298538261.8918332,-25.88462715955272,298538261.8918332,-353.407894492988
301995172.0402393,-26.05492267141037,301995172.0402393,-353.7198236165798
305492111.3215895,-26.22478649564987,305492111.3215895,-354.0278623300546
309029543.2513977,-26.39419342481624,309029543.2513977,-354.3320515882613
312607936.7124346,-26.56311871231224,312607936.7124346,-354.6324361699478
316227766.0168775,-26.73153810899316,316227766.0168775,-354.9290645055528
319889510.9691798,-26.89942789846404,319889510.9691798,-355.2219884906974
323593656.9296688,-27.06676493104149,323593656.9296688,-355.5112632861963
327340694.8788792,-27.2335266557309,327340694.8788792,-355.7969471079294
331131121.4826326,-27.39969115060322,331131121.4826326,-356.0791010054385
334965439.1578696,-27.56523715140055,334965439.1578696,-356.3577886275643
338844156.139245,-27.73014407761121,338844156.139245,-356.6330759824636
342767786.5464934,-27.89439205697061,342767786.5464934,-356.9050311854766
346736850.4525751,-28.05796194713826,346736850.4525751,-357.1737242031278
350751873.952612,-28.22083535546636,350751873.952612,-357.4392265879261
354813389.23362,-28.3829946560878,354813389.23362,-357.7016112088983
358921934.6450503,-28.54442300444236,358921934.6450503,-357.9609519814205
363078054.770147,-28.70510434965139,363078054.770147,-358.2173235865543
367282300.4981309,-28.86502344372426,367282300.4981309,-358.4708011990153
371535229.0972193,-29.02416584883115,371535229.0972193,-358.7214602061669
375837404.2884915,-29.18251794140772,375837404.2884915,-358.9693759320787
380189396.3206092,-29.34006691403773,380189396.3206092,-359.2146233645051
384591782.0454021,-29.49680077448662,384591782.0454021,-359.4572768840861
389045144.9943298,-29.65270834268063,389045144.9943298,-359.6974099964698
393550075.4558272,-29.80777924464961,393550075.4558272,-359.9350950738603
398107170.5535476,-29.9620039044493,398107170.5535476,-360.1704031016842
402717034.3255101,-30.1153735337699,402717034.3255101,-360.403403431988
407380277.8041644,-30.26788011904035,407380277.8041644,-360.6341635485971
412097519.0973824,-30.41951640678933,412097519.0973824,-360.8627488408258
416869383.4703882,-30.57027588679503,416869383.4703882,-361.0892223857804
421696503.4286357,-30.72015277322485,421696503.4286357,-361.3136447486991
426579518.8016468,-30.8691419843667,426579518.8016468,-361.5360737886206
431519076.82782,-31.01723912068034,431519076.82782,-361.7565644786576
436515832.2402214,-31.16444044084236,436515832.2402214,-361.9751687464483
441570447.3533686,-31.31074283739685,441570447.3533686,-362.1919353166429
446683592.1510199,-31.45614381047847,446683592.1510199,-362.4069095792102
451855944.3749799,-31.60064144081076,451855944.3749799,-362.6201334642577
457088189.6149332,-31.7442343617787,457088189.6149332,-362.8316453375511
462381021.3993192,-31.886921730893,462381021.3993192,-363.0414799063015
467735141.2872578,-32.02870320044714,467735141.2872578,-363.2496681422785
473151258.9615408,-32.16957888811308,473151258.9615408,-363.4562372190379
478630092.3226994,-32.30954934667218,478630092.3226994,-363.6612104652668
484172367.5841612,-32.44861553434379,484172367.5841612,-363.8646073292506
489778819.3685088,-32.58677878441638,489778819.3685088,-364.066443362788
495450190.8048536,-32.72404077538702,495450190.8048536,-364.2667302131616
501187233.6273364,-32.86040350124875,501187233.6273364,-364.4654756322141
506990708.2747692,-32.99586924194303,506990708.2747692,-364.66268349941
512861383.9914305,-33.1304405345054,512861383.9914305,-364.858353853123
518800038.9290276,-33.26412014457902,518800038.9290276,-365.0524829381146
524807460.2498398,-33.39691103859884,524807460.2498398,-365.2450632615636
530884444.2310564,-33.52881635673575,530884444.2310564,-365.4360836615579
537031796.3703216,-33.65983938648593,537031796.3703216,-365.6255293857305
543250331.4925029,-33.78998353714726,543250331.4925029,-365.8133821784708
549540873.8576951,-33.9192523153574,549540873.8576951,-365.9996203761792
555904257.270475,-34.04764930115786,555904257.270475,-366.1842190153686
562341325.1904213,-34.17517812559338,562341325.1904213,-366.3671499407659
568852930.8439146,-34.30184244879246,568852930.8439146,-366.5483819268821
575439937.337231,-34.4276459393254,575439937.337231,-366.7278808040806
582103217.7709464,-34.55259225478055,582103217.7709464,-366.9056095856641
588843655.3556648,-34.67668502290322,588843655.3556648,-367.0815286074108
595662143.5290873,-34.79992782429951,595662143.5290873,-367.2555956654762
602559586.0744355,-34.92232417594047,602559586.0744355,-367.4277661605031
609536897.2402478,-35.04387751570432,609536897.2402478,-367.5979932445925
616595001.8615618,-35.16459118824774,616595001.8615618,-367.7662279677294
623734835.4824998,-35.28446843134255,623734835.4824998,-367.9324194337993
630957344.4802748,-35.40351236386774,630957344.4802748,-368.096514948168
638263486.1906313,-35.52172597439521,638263486.1906313,-368.258460172975
645654229.0347391,-35.63911211077141,645654229.0347391,-368.4181992819444
653130552.647557,-35.75567347070994,653130552.647557,-368.5756751121094
660693448.0076817,-35.87141259336959,660693448.0076817,-368.7308293187029
668343917.5687014,-35.98633185158704,668343917.5687014,-368.8836025278001
676082975.3920696,-36.10043344518654,676082975.3920696,-369.0339344858402
683911647.2815182,-36.21371939475799,683911647.2815182,-369.1817642140015
691830970.9190265,-36.32619153676688,691830970.9190265,-369.327030150751
699841996.0023646,-36.43785151875473,699841996.0023646,-369.469670303921
707945784.3842301,-36.54870079575305,707945784.3842301,-369.6096223910434
716143410.2129954,-36.65874062705213,716143410.2129954,-369.7468239820742
724435960.0750846,-36.76797207385945,724435960.0750846,-369.8812126379529
732824533.1389997,-36.87639599722542,732824533.1389997,-370.0127260483153
741310241.3010143,-36.9840130569609,741310241.3010143,-370.1413021616785
749894209.3325537,-37.09082371070362,749894209.3325537,-370.2668793181949
758577575.0292829,-37.19682821378322,758577575.0292829,-370.3893963743861
767361489.3619193,-37.30202661927898,767361489.3619193,-370.5087928280548
776247116.6287932,-37.40641877889428,776247116.6287932,-370.6250089368126
785235634.6101745,-37.51000434394302,785235634.6101745,-370.7379858349362
794328234.7243855,-37.61278276685037,794328234.7243855,-370.8476656470848
803526122.1857225,-37.7147533030369,803526122.1857225,-370.953991596804
812830516.1642058,-37.81591501320684,812830516.1642058,-371.0569081125516
822242649.947179,-37.91626676586722,822242649.947179,-371.1563609293574
831763771.1027801,-38.01580724011957,831763771.1027801,-371.2522971897356
841395141.6453055,-38.11453492899135,841395141.6453055,-371.3446655357691
851138038.2024882,-38.21244814281655,851138038.2024882,-371.4334162022297
860993752.1847137,-38.30954501301348,860993752.1847137,-371.5185011035771
870963589.9561951,-38.40582349596888,870963589.9561951,-371.5998739195327
881048873.00813,-38.50128137732952,881048873.00813,-371.6774901758038
891250938.1338629,-38.59591627646883,891250938.1338629,-371.7513073205036
901571137.6060756,-38.68972565113225,901571137.6060756,-371.8212847995594
912010839.35603,-38.78270680229725,912010839.35603,-371.8873841269404
922571427.1548848,-38.87485687935035,922571427.1548848,-371.9495689521426
933254300.7971141,-38.96617288534648,933254300.7971141,-372.007805124383
944060876.2860479,-39.05665168250282,944060876.2860479,-372.0620607533705
954992586.021562,-39.14628999781737,954992586.021562,-372.1123062684375
966050878.9899409,-39.23508442911022,966050878.9899409,-372.1585144712169
977237220.9559398,-39.32303145097272,977237220.9559398,-372.2006605885671
988553094.6570694,-39.4101274210322,988553094.6570694,-372.2387223207132
1000000000.000132,-39.49636858632071,1000000000.000132,-372.2726798878629
1011579454.260032,-39.5817510900019,1011579454.260032,-372.3025160720187
1023292992.28089,-39.66627097812506,1023292992.28089,-372.3282162554868
1035142166.679481,-39.74992420651058,1035142166.679481,-372.3497684610806
1047128548.051038,-39.83270664801303,1047128548.051038,-372.3671633826975
1059253725.177429,-39.91461409976963,1059253725.177429,-372.380394419139
1071519305.237748,-39.99564229079002,1071519305.237748,-372.3894576995382
1083926914.021347,-40.07578688952112,1083926914.021347,-372.3943521127758
1096478196.143331,-40.15504351179706,1096478196.143331,-372.3950793275765
1109174815.262548,-40.2334077288516,1109174815.262548,-372.3916438133783
1122018454.302113,-40.31087507559111,1122018454.302113,-372.3840528570178
1135010815.672466,-40.38744105888293,1135010815.672466,-372.3723165785395
1148153621.497036,-40.46310116612416,1148153621.497036,-372.3564479435347
1161448613.840497,-40.53785087413349,1161448613.840497,-372.3364627688289
1174897554.939686,-40.61168565783164,1174897554.939686,-372.3123797331967
1188502227.437177,-40.68460099951865,1188502227.437177,-372.2842203772882
1202264434.617573,-40.75659239782912,1202264434.617573,-372.2520091078181
1216186000.64653,-40.82765537739399,1216186000.64653,-372.2157731926752
1230268770.812546,-40.89778549819285,1230268770.812546,-372.1755427574683
1244514611.771551,-40.96697836531149,1244514611.771551,-372.1313507777642
1258925411.794335,-41.0352296386543,1258925411.794335,-372.0832330684705
1273503081.016832,-41.10253504294704,1273503081.016832,-372.0312282711872
1288249551.693306,-41.1688903777427,1288249551.693306,-371.9753778369987
1303166778.452474,-41.2342915276478,1303166778.452474,-371.9157260074381
1318256738.556583,-41.29873447245436,1318256738.556583,-371.8523197936822
1333521432.163502,-41.36221529763943,1333521432.163502,-371.7852089489758
1348962882.591834,-41.42473020458931,1348962882.591834,-371.7144459433171
1364583136.589108,-41.48627552115947,1364583136.589108,-371.640085931467
1380384264.60307,-41.54684771222523,1380384264.60307,-371.5621867178596
1396368361.056125,-41.60644339012127,1396368361.056125,-371.480808720618
1412537544.622944,-41.66505932521001,1412537544.622944,-371.3960149313044
1428893958.511295,-41.72269245647503,1428893958.511295,-371.3078708716773
1445439770.746122,-41.77933990197155,1445439770.746122,-371.2164445463872
1462177174.456915,-41.83499896931049,1462177174.456915,-371.1218063948184
1479108388.168406,-41.88966716608593,1479108388.168406,-371.0240292377774
1496235656.094635,-41.94334221010378,1496235656.094635,-370.9231882231279
1513561248.436412,-41.99602203962619,1513561248.436412,-370.8193607667167
1531087461.682236,-42.04770482355136,1531087461.682236,-370.7126264891611
1548816618.91269,-42.09838897114142,1548816618.91269,-370.6030671543685
1566751070.10836,-42.14807314199,1566751070.10836,-370.4907665980127
1584893192.461327,-42.19675625537255,1584893192.461327,-370.3758106612413
1603245390.690258,-42.24443749967385,1603245390.690258,-370.258287114639
1621810097.359149,-42.29111634148764,1621810097.359149,-370.138285582171
1640589773.199761,-42.33679253436869,1640589773.199761,-370.0158974634678
1659586907.437785,-42.38146612745999,1659586907.437785,-369.8912158500859
1678804018.122787,-42.42513747354011,1678804018.122787,-369.7643354437131
1698243652.461974,-42.46780723699041,1698243652.461974,-369.6353524680042
1717908387.157821,-42.50947640132024,1717908387.157821,-369.504364578713
1737800828.749611,-42.55014627614376,1737800828.749611,-369.3714707741593
1757923613.958931,-42.58981850410046,1757923613.958931,-369.2367712991964
1778279410.039164,-42.62849506687463,1778279410.039164,-369.1003675518596
1798870915.129032,-42.66617829125437,1798870915.129032,-368.9623619832814
1819700858.610231,-42.70287085429238,1819700858.610231,-368.8228580003457
1840772001.469206,-42.73857578836807,1840772001.469206,-368.6819598622003
1862087136.663121,-42.77329648529999,1862087136.663121,-368.5397725808825
1883649089.490057,-42.80703670044284,1883649089.490057,-368.3964018134127
1905460717.963507,-42.83980055576816,1905460717.963507,-368.2519537603241
1927524913.191199,-42.87159254270995,1927524913.191199,-368.1065350572474
1949844599.758311,-42.90241752432236,1949844599.758311,-367.9602526688662
1972422736.115123,-42.93228073685957,1972422736.115123,-367.8132137818446
1995262314.969152,-42.96118779076326,1995262314.969152,-367.6655256964536
2018366363.681836,-42.98914467117484,2018366363.681836,-367.517295717691
2041737944.669808,-43.01615773763763,2041737944.669808,-367.3686310488136
2065380155.810812,-43.04223372329894,2065380155.810812,-367.2196386830764
2089296130.854325,-43.06737973361404,2089296130.854325,-367.0704252950343
2113489039.836936,-43.09160324424791,2113489039.836936,-366.9210971344019
2137962089.502525,-43.11491209848654,2137962089.502525,-366.7717599198879
2162718523.727316,-43.1373145039889,2162718523.727316,-366.6225187343152
2187761623.949852,-43.15881902895332,2187761623.949852,-366.4734779205392
2213094709.605941,-43.17943459770061,2213094709.605941,-366.3247409793829
2238721138.568647,-43.19917048575171,2238721138.568647,-366.1764104658693
2264644307.59337,-43.21803631403281,2264644307.59337,-366.0285878954896
2290867652.768087,-43.23604204292269,2290867652.768087,-365.8813736420439
2317394649.968797,-43.25319796541176,2317394649.968797,-365.7348668456652
2344228815.320244,-43.26951469994497,2344228815.320244,-365.5891653185169
2371373705.661982,-43.28500318255985,2371373705.661982,-365.4443654565368
2398832919.019821,-43.29967465869792,2398832919.019821,-365.3005621498246
2426610095.08275,-43.31354067437579,2426610095.08275,-365.157848700727
2454708915.685369,-43.32661306701861,2454708915.685369,-365.0163167398078
2483133105.295913,-43.33890395580114,2483133105.295913,-364.8760561482852
2511886431.509927,-43.35042573143397,2511886431.509927,-364.7371549853883
2540972705.549656,-43.36119104588992,2540972705.549656,-364.5996994120635
2570395782.769219,-43.37121280139808,2570395782.769219,-364.4637736266131
2600159563.165631,-43.38050413929614,2600159563.165631,-364.329459798518
2630267991.895746,-43.38907842853508,2630267991.895746,-364.1968380076472
2660725059.799178,-43.39694925388453,2660725059.799178,-364.065986186948
2691534803.927288,-43.40413040382568,2691534803.927288,-363.9369800699607
2722701308.078289,-43.41063585830462,2722701308.078289,-363.8098931406539
2754228703.338548,-43.41647977619152,2754228703.338548,-363.684796588606
2786121168.630156,-43.42167648261434,2786121168.630156,-363.5617592675148
2818382931.264844,-43.42624045614399,2818382931.264844,-363.4408476574418
2851018267.504304,-43.43018631583818,2851018267.504304,-363.3221258318591
2884031503.127006,-43.43352880820887,2884031503.127006,-363.2056554280314
2917427014.001571,-43.43628279411544,2917427014.001571,-363.0914956224635
2951209226.666795,-43.43846323568901,2951209226.666795,-362.9797031077586
2985382618.918374,-43.44008518308242,2985382618.918374,-362.8703320788523
3019951720.402435,-43.44116376149992,3019951720.402435,-362.763434215817
3054921113.215937,-43.44171415801894,3054921113.215937,-362.6590586771978
3090295432.514019,-43.44175160868854,3090295432.514019,-362.5572520929233
3126079367.124389,-43.44129138560896,3126079367.124389,-362.4580585628038
3162277660.168819,-43.44034878412818,3162277660.168819,-362.3615196604619
3198895109.691843,-43.43893911033572,3198895109.691843,-362.2676744354019
3235936569.296733,-43.437077668561,3235936569.296733,-362.1765594247967
3273406948.788837,-43.4347797491215,3273406948.788837,-362.0882086657152
3311311214.826372,-43.43206061636347,3311311214.826372,-362.0026537099199
3349654391.578743,-43.42893549680694,3349654391.578743,-361.9199236449273
3388441561.392498,-43.42541956769524,3388441561.392498,-361.8400451139481
3427677865.464982,-43.42152794566744,3427677865.464982,-361.7630423437399
3467368504.525801,-43.41727567583442,3467368504.525801,-361.6889371716573
3507518739.52617,-43.41267772113765,3507518739.52617,-361.6177490760756
3548133892.336251,-43.40774895198069,3548133892.336251,-361.5494952114728
3589219346.450554,-43.40250413626979,3589219346.450554,-361.484190443381
3630780547.701522,-43.39695792972009,3630780547.701522,-361.4218473880569
3672823004.981361,-43.39112486660726,3672823004.981361,-361.3624764523815
3715352290.972246,-43.38501935082097,3715352290.972246,-361.306085877287
3758374042.884969,-43.37865564731086,3758374042.884969,-361.2526817830092
3801893963.206145,-43.37204787397479,3801893963.206145,-361.2022682142408
3845917820.454075,-43.36520999383939,3845917820.454075,-361.1548471905035
3890451449.943352,-43.35815580773458,3890451449.943352,-361.1104187540361
3935500754.558327,-43.35089894726953,3935500754.558327,-361.0689810235331
3981071705.535532,-43.34345286834364,3981071705.535532,-361.0305302440368
4027170343.255157,-43.33583084493449,4027170343.255157,-360.995060842688
4073802778.0417,-43.32804596337532,4073802778.0417,-360.9625654822479
4120975190.973882,-43.32011111701928,4120975190.973882,-360.9330351171777
4168693834.703941,-43.31203900130096,4168693834.703941,-360.9064590494503
4216965034.286417,-43.30384210923549,4216965034.286417,-360.8828249853519
4265795188.016528,-43.29553272725973,4265795188.016528,-360.8621190936313
4315190768.27826,-43.2871229315687,4315190768.27826,-360.8443260611725
4365158322.402275,-43.27862458474777,4365158322.402275,-360.8294291529745
4415704473.533748,-43.27004933286672,4415704473.533748,-360.8174102684903
4466835921.510262,-43.26140860293513,4466835921.510262,-360.808249999778
4518559443.749862,-43.25271360073616,4518559443.749862,-360.8019276895877
4570881896.149396,-43.24397530902347,4570881896.149396,-360.7984214883222
4623810213.993257,-43.2352044861146,4623810213.993257,-360.7977084112812
4677351412.872643,-43.2264116647932,4677351412.872643,-360.7997643954594
4731512589.615475,-43.2176071516188,4731512589.615475,-360.8045643549329
4786300923.227061,-43.20880102651021,4786300923.227061,-360.8120822371119
4841723675.84168,-43.20000314270686,4841723675.84168,-360.8222910767731
4897788193.685157,-43.19122312701612,4897788193.685157,-360.8351630502402
4954501908.048605,-43.18247038039941,4954501908.048605,-360.8506695281329
5011872336.273434,-43.17375407881305,5011872336.273434,-360.8687811276793
5069907082.747763,-43.16508317438775,5069907082.747763,-360.889467763059
5128613839.914376,-43.15646639682484,5128613839.914376,-360.9126986959494
5188000389.290348,-43.14791225510702,5188000389.290348,-360.938442583464
5248074602.498471,-43.13942903942473,5248074602.498471,-360.9666675262802
5308844442.310637,-43.1310248233379,5308844442.310637,-360.9973411146392
5370317963.70329,-43.12270746621576,5370317963.70329,-361.0304304724793
5432503314.925104,-43.11448461580838,5432503314.925104,-361.0659023021486
5495408738.577027,-43.10636371110864,5495408738.577027,-361.10372292531
5559042572.704827,-43.09835198532163,5559042572.704827,-361.1438583244912
5623413251.904292,-43.09045646906568,5623413251.904292,-361.1862741818383
5688529308.439225,-43.0826839937351,5688529308.439225,-361.2309359165473
5754399373.37239,-43.07504119496387,5754399373.37239,-361.2778087216891
5821032177.709544,-43.06753451631224,5821032177.709544,-361.3268575982691
5888436553.556729,-43.06017021300272,5888436553.556729,-361.3780473884618
5956621435.290955,-43.05295435582757,5956621435.290955,-361.4313428072871
6025595860.744438,-43.04589283512477,6025595860.744438,-361.4867084724004
6095368972.402563,-43.03899136487668,6095368972.402563,-361.5441089321399
6165950018.615704,-43.03225548686864,6165950018.615704,-361.6035086930357
6237348354.825085,-43.02569057491919,6237348354.825085,-361.6648722444087
6309573444.802835,-43.01930183918572,6309573444.802835,-361.7281640821547
6382634861.906401,-43.01309433049207,6382634861.906401,-361.7933487311825
6456542290.34748,-43.0070729447474,6456542290.34748,-361.8603907650225
6531305526.475659,-43.00124242730089,6531305526.475659,-361.9292548259887
6606934480.076907,-42.99560737740815,6606934480.076907,-361.9999056418071
6683439175.687104,-42.99017225265784,6683439175.687104,-362.0723080416803
6760829753.920788,-42.98494137338647,6760829753.920788,-362.1464269712353
6839116472.815275,-42.97991892712754,6839116472.815275,-362.222227504813
6918309709.190359,-42.97510897299578,6918309709.190359,-362.2996748574349
6998419960.023741,-42.97051544606292,6998419960.023741,-362.3787343948337
7079457843.842397,-42.96614216168363,7079457843.842397,-362.4593716426658
7161434102.13005,-42.9619928198258,7161434102.13005,-362.541552292746
7244359600.750942,-42.9580710092558,7244359600.750942,-362.625242210611
7328245331.390095,-42.95438021175811,7328245331.390095,-362.7104074389756
7413102413.010242,-42.9509238062244,7413102413.010242,-362.7970142023021
7498942093.325638,-42.94770507271717,7498942093.325638,-362.8850289079513
7585775750.292931,-42.9447271963934,7585775750.292931,-362.9744181485061
7673614893.619295,-42.9419932713897,7673614893.619295,-363.0651487010272
7762471166.288036,-42.93950630461492,7762471166.288036,-363.1571875257422
7852356346.101851,-42.93726921940972,7852356346.101851,-363.2505017642131
7943282347.243961,-42.93528485913602,7943282347.243961,-363.3450587357529
8035261221.857333,-42.93355599062793,8035261221.857333,-363.4408259332969
8128305161.642167,-42.93208530755744,8128305161.642167,-363.5377710182539
8222426499.4719,-42.93087543367505,8222426499.4719,-363.6358618138988
8317637711.027913,-42.92992892591311,8317637711.027913,-363.7350662987209
8413951416.453169,-42.92924827736223,8413951416.453169,-363.8353525986212
8511380382.024998,-42.92883592016313,8511380382.024998,-363.9366889778688
8609937521.847254,-42.92869422819059,8609937521.847254,-364.0390438299785
8709635899.562069,-42.92882551966093,8709635899.562069,-364.1423856675558
8810488730.081419,-42.92923205958346,8810488730.081419,-364.246683111266
8912509381.338749,-42.92991606204723,8912509381.338749,-364.351904878969
9015711376.060879,-42.93087969238868,9015711376.060879,-364.4580197733297
9120108393.560423,-42.93212506922132,9120108393.560423,-364.5649966692545
9225714271.548973,-42.93365426627151,9225714271.548973,-364.672804501259
9332543007.971268,-42.93546931411257,9332543007.971268,-364.7814122497597
9440608762.860607,-42.93757220171986,9440608762.860607,-364.890788927341
9549925860.21575,-42.93996487787723,9549925860.21575,-365.0009035645191
9660508789.89954,-42.94264925242772,9660508789.89954,-365.1117251953847
9772372209.55953,-42.94562719737981,9772372209.55953,-365.2232228426843
9885530946.570829,-42.948900547842,9885530946.570829,-365.3353655028316
10000000000,-42.95247110279991,10000000000,-365.4481221310732
