Loop Gain dB20 X,Loop Gain dB20 Y,Loop Gain Phase X,Loop Gain Phase Y
0.1,91.40744956198944,0.1,179.9941572479427
0.1011579454259899,91.40744955950311,0.1011579454259899,179.994089592064
0.1023292992280754,91.40744955986113,0.1023292992280754,179.9940211527651
0.1035142166679344,91.40744955875965,0.1035142166679344,179.9939519209775
0.10471285480509,91.40744955763252,0.10471285480509,179.9938818875237
0.1059253725177289,91.40744955647912,0.1059253725177289,179.9938110431207
0.1071519305237607,91.40744955529888,0.1071519305237607,179.9937393783781
0.1083926914021204,91.40744955409113,0.1083926914021204,179.993666883797
0.1096478196143186,91.40744955285525,0.1096478196143186,179.9935935497682
0.1109174815262402,91.40744955159059,0.1109174815262402,179.9935193665714
0.1122018454301964,91.40744955029646,0.1122018454301964,179.9934443243737
0.1135010815672316,91.40744954897218,0.1135010815672316,179.9933684132283
0.1148153621496884,91.40744954761708,0.1148153621496884,179.9932916230733
0.1161448613840344,91.4074495462304,0.1161448613840344,179.9932139437303
0.1174897554939531,91.40744954481143,0.1174897554939531,179.9931353649028
0.118850222743702,91.40744954335941,0.118850222743702,179.9930558761755
0.1202264434617414,91.40744954072599,0.1202264434617414,179.992975467013
0.1216186000646369,91.40744953920553,0.1216186000646369,179.9928941267554
0.1230268770812383,91.40744953793654,0.1230268770812383,179.9928118446219
0.1244514611771387,91.40744953548376,0.1244514611771387,179.992728609707
0.1258925411794169,91.40744953385456,0.1258925411794169,179.9926444109767
0.1273503081016663,91.40744953304805,0.1273503081016663,179.9925592372702
0.1288249551693136,91.40744953134205,0.1288249551693136,179.9924730772995
0.1303166778452301,91.40744952902256,0.1303166778452301,179.9923859196439
0.1318256738556409,91.40744952723617,0.1318256738556409,179.9922977527497
0.1333521432163326,91.40744952540817,0.1333521432163326,179.9922085649311
0.1348962882591656,91.40744952353759,0.1348962882591656,179.9921183443662
0.1364583136588927,91.40744952162345,0.1364583136588927,179.9920270790965
0.1380384264602887,91.40744951966471,0.1380384264602887,179.9919347570248
0.139636836105594,91.40744951766037,0.139636836105594,179.9918413659139
0.1412537544622757,91.40744951503552,0.1412537544622757,179.9917468933855
0.1428893958511106,91.4074495132236,0.1428893958511106,179.991651326916
0.144543977074593,91.40744951136277,0.144543977074593,179.9915546538391
0.1462177174456721,91.40744950916505,0.1462177174456721,179.9914568613409
0.1479108388168211,91.40744950691611,0.1479108388168211,179.9913579364591
0.1496235656094437,91.40744950404101,0.1496235656094437,179.9912578660817
0.1513561248436212,91.40744950197299,0.1513561248436212,179.9911566369432
0.1531087461682034,91.40744949956321,0.1531087461682034,179.9910542356268
0.1548816618912485,91.40744949681043,0.1548816618912485,179.9909506485595
0.1566751070108153,91.40744949457398,0.1566751070108153,179.9908458620098
0.1584893192461117,91.40744949199185,0.1584893192461117,179.9907398620895
0.1603245390690045,91.40744948877582,0.1603245390690045,179.9906326347487
0.1621810097358934,91.40744948607201,0.1621810097358934,179.9905241657732
0.1640589773199544,91.40744948330523,0.1640589773199544,179.9904144407862
0.1659586907437565,91.40744948047399,0.1659586907437565,179.9903034452439
0.1678804018122565,91.4074494775768,0.1678804018122565,179.9901911644338
0.1698243652461749,91.40744947461214,0.1698243652461749,179.9900775834732
0.1717908387157593,91.40744947186531,0.1717908387157593,179.9899626873069
0.1737800828749381,91.40744946876092,0.1737800828749381,179.9898464607061
0.1757923613958698,91.40744946701865,0.1757923613958698,179.9897288882631
0.1778279410038928,91.40744946376796,0.1778279410038928,179.9896099543971
0.1798870915128793,91.40744946015467,0.1798870915128793,179.9894896433423
0.1819700858609989,91.40744945646388,0.1819700858609989,179.9893679391513
0.1840772001468962,91.4074494529807,0.1840772001468962,179.9892448256919
0.1862087136662873,91.40744944941639,0.1862087136662873,179.9891202866459
0.1883649089489807,91.40744944605594,0.1883649089489807,179.9889943055055
0.1905460717963254,91.40744944232365,0.1905460717963254,179.9888668655727
0.1927524913190942,91.40744943821753,0.1927524913190942,179.9887379499555
0.1949844599758052,91.40744943459623,0.1949844599758052,179.9886075415651
0.1972422736114861,91.407449430597,0.1972422736114861,179.9884756231173
0.1995262314968887,91.40744942593085,0.1995262314968887,179.9883421771268
0.2018366363681569,91.40744942174315,0.2018366363681569,179.9882071859038
0.2041737944669537,91.40744941745791,0.2041737944669537,179.9880706315563
0.2065380155810538,91.40744941278595,0.2065380155810538,179.9879324959845
0.2089296130854048,91.40744940858562,0.2089296130854048,179.9877927608776
0.2113489039836655,91.40744940456769,0.2113489039836655,179.987651407714
0.2137962089502241,91.40744939986899,0.2137962089502241,179.987508417759
0.2162718523727029,91.40744939506087,0.2162718523727029,179.9873637720585
0.2187761623949562,91.40744939014075,0.2187761623949562,179.9872174514398
0.2213094709605647,91.40744938453224,0.2213094709605647,179.9870694365093
0.223872113856835,91.40744937966714,0.223872113856835,179.9869197076455
0.226464430759307,91.40744937439513,0.226464430759307,179.9867682450038
0.2290867652767784,91.40744936900033,0.2290867652767784,179.9866150285077
0.2317394649968489,91.40744936290608,0.2317394649968489,179.9864600378492
0.2344228815319933,91.40744935725704,0.2344228815319933,179.9863032524826
0.2371373705661667,91.40744935147639,0.2371373705661667,179.9861446516274
0.2398832919019502,91.4074493452742,0.2398832919019502,179.9859842142615
0.2426610095082428,91.40744933922115,0.2426610095082428,179.9858219191182
0.2454708915685043,91.40744933274019,0.2454708915685043,179.9856577446864
0.2483133105295583,91.40744932640183,0.2483133105295583,179.9854916692041
0.2511886431509593,91.40744931962898,0.2511886431509593,179.9853236706591
0.2540972705549318,91.4074493129919,0.2540972705549318,179.9851537267823
0.2570395782768877,91.40744930591337,0.2570395782768877,179.984981815049
0.2600159563165286,91.4074492992504,0.2600159563165286,179.9848079126709
0.2630267991895396,91.4074492929993,0.2630267991895396,179.9846319965974
0.2660725059798824,91.40744928572192,0.2660725059798824,179.9844540435136
0.269153480392693,91.40744927798814,0.269153480392693,179.9842740298311
0.2722701308077927,91.407449269794,0.2722701308077927,179.9840919316892
0.2754228703338182,91.40744926199613,0.2754228703338182,179.9839077249494
0.2786121168629786,91.40744925372972,0.2786121168629786,179.9837213851971
0.281838293126447,91.40744924556437,0.281838293126447,179.9835328877319
0.2851018267503926,91.40744923720879,0.2851018267503926,179.9833422075692
0.2884031503126623,91.40744923009305,0.2884031503126623,179.983149319432
0.2917427014001184,91.40744922105681,0.2917427014001184,179.9829541977591
0.2951209226666404,91.40744921210364,0.2951209226666404,179.9827568166835
0.2985382618917978,91.40744920294196,0.2985382618917978,179.9825571500434
0.3019951720402035,91.40744919299308,0.3019951720402035,179.982355171374
0.3054921113215532,91.40744918368651,0.3054921113215532,179.9821508539005
0.309029543251361,91.40744917358268,0.309029543251361,179.9819441705439
0.3126079367123975,91.40744916353708,0.3126079367123975,179.9817350939067
0.31622776601684,91.40744915325749,0.31622776601684,179.9815235962766
0.3198895109691419,91.40744914245158,0.3198895109691419,179.9813096496205
0.3235936569296304,91.40744913197439,0.3235936569296304,179.9810932255781
0.3273406948788404,91.40744912095961,0.3273406948788404,179.9808742954647
0.3311311214825934,91.40744910997515,0.3311311214825934,179.9806528302599
0.33496543915783,91.40744909815439,0.33496543915783,179.9804288006108
0.3388441561392049,91.40744908606494,0.3388441561392049,179.9802021768213
0.3427677865464528,91.40744907484815,0.3427677865464528,179.9799729288499
0.3467368504525341,91.40744906220247,0.3467368504525341,179.9797410263155
0.3507518739525705,91.40744905012959,0.3507518739525705,179.9795064384749
0.354813389233578,91.40744903690145,0.354813389233578,179.9792691342378
0.3589219346450078,91.40744902308499,0.3589219346450078,179.9790290821487
0.363078054770104,91.40744900953386,0.363078054770104,179.9787862503867
0.3672823004980874,91.40744899566707,0.3672823004980874,179.9785406067662
0.3715352290971753,91.40744898176419,0.3715352290971753,179.9782921187268
0.375837404288447,91.40744896695699,0.375837404288447,179.9780407533337
0.3801893963205641,91.40744895181157,0.3801893963205641,179.9777864772674
0.3845917820453566,91.40744893660694,0.3845917820453566,179.9775292568231
0.3890451449942837,91.40744892104814,0.3890451449942837,179.9772690579075
0.3935500754557806,91.40744890656138,0.3935500754557806,179.9770058460276
0.3981071705535005,91.40744888940867,0.3981071705535005,179.9767395863048
0.4027170343254624,91.40744887216336,0.4027170343254624,179.97647024344
0.4073802778041161,91.40744885539036,0.4073802778041161,179.9761977817305
0.4120975190973337,91.40744883793312,0.4120975190973337,179.9759221650651
0.4168693834703389,91.407448820643,0.4168693834703389,179.9756433569086
0.4216965034285858,91.40744880207613,0.4216965034285858,179.9753613203093
0.4265795188015963,91.40744878308347,0.4265795188015963,179.9750760178814
0.431519076827769,91.4074487636551,0.431519076827769,179.9747874118084
0.4365158322401698,91.40744874492839,0.4365158322401698,179.9744954638324
0.4415704473533164,91.4074487248848,0.4415704473533164,179.9742001352622
0.446683592150967,91.40744870408741,0.446683592150967,179.9739013869505
0.4518559443749264,91.40744868367298,0.4518559443749264,179.9735991792952
0.4570881896148791,91.40744866355858,0.4570881896148791,179.9732934722393
0.4623810213992645,91.40744864129431,0.4623810213992645,179.9729842252691
0.4677351412872024,91.40744861909191,0.4677351412872024,179.9726713973876
0.4731512589614848,91.407448595505,0.4731512589614848,179.9723549471343
0.4786300923226428,91.40744857310337,0.4786300923226428,179.972034832556
0.4841723675841038,91.40744854871876,0.4841723675841038,179.971711011232
0.4897788193684507,91.40744852463354,0.4897788193684507,179.9713834402327
0.4954501908047949,91.40744849853947,0.4954501908047949,179.9710520761467
0.501187233627277,91.40744847243141,0.501187233627277,179.9707168750456
0.5069907082747092,91.40744844514815,0.5069907082747092,179.9703777925026
0.5128613839913697,91.40744841925761,0.5128613839913697,179.970034783564
0.5188000389289661,91.40744839101598,0.5188000389289661,179.9696878027772
0.5248074602497776,91.4074483635643,0.5248074602497776,179.9693368041396
0.5308844442309935,91.40744833430558,0.5308844442309935,179.9689817411357
0.5370317963702579,91.40744830437202,0.5370317963702579,179.9686225666984
0.5432503314924385,91.40744827432171,0.5432503314924385,179.9682592332175
0.54954087385763,91.40744824241719,0.54954087385763,179.9678916925401
0.555904257270409,91.40744821151088,0.555904257270409,179.9675198959385
0.5623413251903546,91.40744817871708,0.5623413251903546,179.9671437941422
0.5688529308438471,91.4074481448792,0.5688529308438471,179.9667633372964
0.5754399373371627,91.40744811084028,0.5754399373371627,179.9663784749686
0.5821032177708773,91.40744807600851,0.5821032177708773,179.9659891561483
0.5888436553555949,91.40744804007849,0.5888436553555949,179.9655953292329
0.5956621435290165,91.40744800389201,0.5956621435290165,179.9651969420177
0.6025595860743639,91.40744796656909,0.6025595860743639,179.9647939417005
0.6095368972401755,91.4074479286637,0.6095368972401755,179.9643862748619
0.6165950018614885,91.40744788900801,0.6165950018614885,179.9639738874712
0.6237348354824257,91.40744784987643,0.6237348354824257,179.9635567248572
0.6309573444801998,91.40744780866576,0.6309573444801998,179.9631347317366
0.6382634861905554,91.40744776564121,0.6382634861905554,179.9627078521738
0.6456542290346623,91.40744772336254,0.6456542290346623,179.9622760295753
0.6531305526474792,91.40744767893814,0.6531305526474792,179.9618392067162
0.660693448007603,91.40744763435301,0.660693448007603,179.9613973256875
0.6683439175686218,91.40744758728822,0.6683439175686218,179.9609503279288
0.676082975391989,91.40744754144899,0.676082975391989,179.9604981541744
0.6839116472814367,91.40744749336774,0.6839116472814367,179.960040744505
0.691830970918944,91.40744744359279,0.691830970918944,179.959578038289
0.6998419960022811,91.40744739353241,0.6998419960022811,179.959109974189
0.7079457843841457,91.40744734086489,0.7079457843841457,179.9586364901744
0.7161434102129099,91.40744728843175,0.7161434102129099,179.9581575234723
0.7244359600749981,91.40744723534438,0.7244359600749981,179.9576730106003
0.7328245331389123,91.40744718013971,0.7328245331389123,179.9571828873439
0.7413102413009258,91.4074471233623,0.7413102413009258,179.9566870887356
0.7498942093324643,91.40744706612972,0.7498942093324643,179.9561855490523
0.7585775750291924,91.40744700668998,0.7585775750291924,179.9556782018243
0.7673614893618278,91.40744694558552,0.7673614893618278,179.9551649798009
0.7762471166287007,91.40744688446971,0.7762471166287007,179.9546458149466
0.7852356346100809,91.40744682194695,0.7852356346100809,179.9541206384539
0.7943282347242908,91.40744675708714,0.7943282347242908,179.9535893807164
0.8035261221856267,91.40744669100344,0.8035261221856267,179.9530519713109
0.8128305161641088,91.40744662251313,0.8128305161641088,179.9525083390107
0.8222426499470809,91.40744655215394,0.8222426499470809,179.9519584117557
0.8317637711026808,91.40744648218414,0.8317637711026808,179.9514021166408
0.8413951416452051,91.4074464085496,0.8413951416452051,179.9508393799528
0.8511380382023866,91.40744633494124,0.8511380382023866,179.9502701270809
0.860993752184611,91.40744625816387,0.860993752184611,179.9496942825896
0.8709635899560912,91.40744618018523,0.8709635899560912,179.9491117701404
0.8810488730080249,91.40744610096404,0.8810488730080249,179.9485225125222
0.8912509381337566,91.40744602038623,0.8912509381337566,179.9479264316305
0.9015711376059681,91.40744593740442,0.9015711376059681,179.9473234484618
0.9120108393559211,91.40744585132879,0.9120108393559211,179.9467134830959
0.9225714271547747,91.40744576383534,0.9225714271547747,179.9460964546727
0.9332543007970028,91.40744567430391,0.9332543007970028,179.9454722814098
0.9440608762859353,91.40744558297392,0.9440608762859353,179.9448408805725
0.954992586021448,91.4074454895099,0.954992586021448,179.9442021684718
0.9660508789898257,91.4074453930015,0.9660508789898257,179.9435560604531
0.9772372209558232,91.40744529425847,0.9772372209558232,179.9429024708709
0.9885530946569516,91.40744519290605,0.9885530946569516,179.9422413130952
1.000000000000013,91.40744509068399,1.000000000000013,179.9415724994792
1.011579454259912,91.40744498524273,1.011579454259912,179.9408959413882
1.023292992280768,91.40744487674166,1.023292992280768,179.9402115491448
1.035142166679358,91.40744476716773,1.035142166679358,179.9395192320202
1.047128548050914,91.4074446535937,1.047128548050914,179.9388188982691
1.059253725177303,91.40744453911557,1.059253725177303,179.9381104550418
1.071519305237621,91.40744442166397,1.071519305237621,179.9373938084498
1.083926914021218,91.40744430139151,1.083926914021218,179.9366688635017
1.0964781961432,91.40744417722999,1.0964781961432,179.9359355241154
1.109174815262416,91.40744405076354,1.109174815262416,179.9351936930762
1.122018454301979,91.40744392163819,1.122018454301979,179.9344432720584
1.135010815672331,91.40744378863781,1.135010815672331,179.9336841616041
1.148153621496899,91.40744365341345,1.148153621496899,179.9329162610823
1.161448613840359,91.40744351445888,1.161448613840359,179.9321394687203
1.174897554939546,91.40744337170055,1.174897554939546,179.9313536815567
1.188502227437035,91.40744322592388,1.188502227437035,179.9305587954306
1.20226443461743,91.40744307705191,1.20226443461743,179.9297547049819
1.216186000646385,91.40744292500582,1.216186000646385,179.9289413036305
1.230268770812399,91.40744276941814,1.230268770812399,179.9281184835645
1.244514611771403,91.40744261106703,1.244514611771403,179.9272861357141
1.258925411794185,91.40744244922254,1.258925411794185,179.9264441497594
1.27350308101668,91.40744228222047,1.27350308101668,179.9255924141105
1.288249551693153,91.40744211219577,1.288249551693153,179.9247308158537
1.303166778452319,91.4074419387711,1.303166778452319,179.9238592407888
1.318256738556427,91.40744175869814,1.318256738556427,179.9229775734189
1.333521432163344,91.40744157503795,1.333521432163344,179.9220856968541
1.348962882591674,91.40744138798048,1.348962882591674,179.9211834928761
1.364583136588945,91.40744119656588,1.364583136588945,179.9202708419084
1.380384264602906,91.40744100097956,1.380384264602906,179.9193476229788
1.396368361055959,91.40744080075905,1.396368361055959,179.9184137137213
1.412537544622776,91.40744059511674,1.412537544622776,179.9174689903554
1.428893958511125,91.40744038523482,1.428893958511125,179.9165133276491
1.44543977074595,91.40744017161171,1.44543977074595,179.9155465989262
1.462177174456741,91.40743995094189,1.462177174456741,179.9145686760813
1.479108388168231,91.40743972518877,1.479108388168231,179.9135794294737
1.496235656094457,91.40743949620543,1.496235656094457,179.9125787279628
1.513561248436232,91.40743926014038,1.513561248436232,179.9115664389461
1.531087461682054,91.40743901909205,1.531087461682054,179.9105424282262
1.548816618912506,91.40743877393686,1.548816618912506,179.9095065600632
1.566751070108174,91.40743852074277,1.566751070108174,179.9084586971967
1.584893192461139,91.40743826479097,1.584893192461139,179.9073987006792
1.603245390690067,91.4074379999917,1.603245390690067,179.906326430075
1.621810097358956,91.40743772875095,1.621810097358956,179.9052417432325
1.640589773199566,91.40743745293356,1.640589773199566,179.9041444963587
1.659586907437588,91.40743716722892,1.659586907437588,179.9030345440744
1.678804018122588,91.40743687779838,1.678804018122588,179.9019117391905
1.698243652461772,91.4074365807588,1.698243652461772,179.9007759329254
1.717908387157617,91.40743627903704,1.717908387157617,179.8996269746974
1.737800828749404,91.40743596859927,1.737800828749404,179.8984647122612
1.757923613958722,91.40743565006986,1.757923613958722,179.8972889915554
1.778279410038953,91.40743532528856,1.778279410038953,179.8960996567198
1.798870915128818,91.40743499236169,1.798870915128818,179.894896550134
1.819700858610014,91.40743465304938,1.819700858610014,179.8936795123083
1.840772001468987,91.40743430473262,1.840772001468987,179.8924483819595
1.862087136662899,91.40743394830254,1.862087136662899,179.891202995894
1.883649089489833,91.40743358299642,1.883649089489833,179.8899431890494
1.90546071796328,91.40743321034213,1.90546071796328,179.8886687944228
1.927524913190969,91.40743282777504,1.927524913190969,179.8873796431298
1.949844599758079,91.40743243695736,1.949844599758079,179.8860755642758
1.972422736114888,91.40743203617576,1.972422736114888,179.884756385032
1.995262314968914,91.40743162579197,1.995262314968914,179.8834219305407
2.018366363681596,91.40743120870886,2.018366363681596,179.8820720238852
2.041737944669565,91.40743077961218,2.041737944669565,179.8807064862113
2.065380155810566,91.40743034193255,2.065380155810566,179.8793251364747
2.089296130854076,91.4074298932141,2.089296130854076,179.8779277916163
2.113489039836684,91.40742943454575,2.113489039836684,179.8765142664077
2.13796208950227,91.40742896356825,2.13796208950227,179.8750843735246
2.162718523727059,91.40742848268617,2.162718523727059,179.8736379234057
2.187761623949592,91.40742799125015,2.187761623949592,179.872174724338
2.213094709605677,91.40742748691937,2.213094709605677,179.8706945824146
2.23872113856838,91.40742697337159,2.23872113856838,179.8691973013935
2.2646443075931,91.4074264458869,2.2646443075931,179.8676826828862
2.290867652767814,91.40742590440092,2.290867652767814,179.8661505261378
2.317394649968521,91.40742535149654,2.317394649968521,179.8646006280277
2.344228815319965,91.40742478827957,2.344228815319965,179.8630327831052
2.371373705661699,91.40742420903555,2.371373705661699,179.8614467836479
2.398832919019534,91.40742361837091,2.398832919019534,179.8598424193659
2.42661009508246,91.40742301328247,2.42661009508246,179.8582194776551
2.454708915685075,91.40742239187145,2.454708915685075,179.856577743433
2.483133105295616,91.40742176112495,2.483133105295616,179.8549169989799
2.511886431509626,91.4074211113832,2.511886431509626,179.8532370243308
2.540972705549352,91.40742044850617,2.540972705549352,179.8515375967155
2.570395782768911,91.40741976791043,2.570395782768911,179.8498184909605
2.60015956316532,91.40741907400536,2.60015956316532,179.8480794791307
2.630267991895431,91.40741836226262,2.630267991895431,179.8463203308065
2.660725059798859,91.40741763395475,2.660725059798859,179.8445408127996
2.691534803926966,91.40741689063236,2.691534803926966,179.8427406892158
2.722701308077964,91.4074161263064,2.722701308077964,179.8409197215655
2.754228703338219,91.40741534932278,2.754228703338219,179.8390776683372
2.786121168629824,91.40741454879681,2.786121168629824,179.8372142855759
2.818382931264508,91.40741373309123,2.818382931264508,179.8353293261459
2.851018267503964,91.40741289610716,2.851018267503964,179.8334225403197
2.884031503126661,91.40741204328273,2.884031503126661,179.8314936752604
2.917427014001223,91.40741116889309,2.917427014001223,179.8295424754166
2.951209226666443,91.40741027243851,2.951209226666443,179.8275686821788
2.985382618918018,91.40740935763999,2.985382618918018,179.8255720338589
3.019951720402075,91.40740841755687,3.019951720402075,179.8235522659517
3.054921113215573,91.40740745958141,3.054921113215573,179.8215091106005
3.090295432513651,91.40740647675008,3.090295432513651,179.8194422971387
3.126079367124017,91.40740547298907,3.126079367124017,179.8173515515429
3.162277660168442,91.4074044461521,3.162277660168442,179.8152365967417
3.198895109691462,91.40740339504862,3.198895109691462,179.8130971524374
3.235936569296348,91.40740231693346,3.235936569296348,179.8109329351198
3.273406948788448,91.4074012156826,3.273406948788448,179.8087436578541
3.311311214825978,91.40740008934935,3.311311214825978,179.8065290305074
3.349654391578345,91.40739893425214,3.349654391578345,179.8042887596289
3.388441561392094,91.40739775512264,3.388441561392094,179.8020225481812
3.427677865464573,91.40739654728287,3.427677865464573,179.7997300958999
3.467368504525387,91.40739531195723,3.467368504525387,179.7974110989097
3.507518739525752,91.40739404723539,3.507518739525752,179.7950652498892
3.548133892335827,91.40739275198059,3.548133892335827,179.7926922379418
3.589219346450126,91.40739142762256,3.589219346450126,179.7902917485102
3.630780547701089,91.40739007392528,3.630780547701089,179.7878634634334
3.672823004980923,91.4073886860823,3.672823004980923,179.7854070609791
3.715352290971803,91.40738726680095,3.715352290971803,179.7829222155061
3.75837404288452,91.4073858141097,3.75837404288452,179.7804085977192
3.801893963205692,91.40738432906755,3.801893963205692,179.7778658744324
3.845917820453617,91.4073828076952,3.845917820453617,179.775293708732
3.890451449942888,91.40738125097953,3.890451449942888,179.7726917596764
3.935500754557858,91.40737965823904,3.935500754557858,179.7700596824191
3.981071705535058,91.40737803153439,3.981071705535058,179.7673971280483
4.027170343254677,91.40737636404893,4.027170343254677,179.7647037438484
4.073802778041214,91.40737465830553,4.073802778041214,179.7619791727718
4.12097519097339,91.40737291282592,4.12097519097339,179.7592230537445
4.168693834703443,91.4073711247123,4.168693834703443,179.7564350215513
4.216965034285913,91.40736929750005,4.216965034285913,179.7536147065702
4.265795188016019,91.40736742606026,4.265795188016019,179.7507617351422
4.315190768277746,91.40736551216243,4.315190768277746,179.747875729088
4.365158322401754,91.40736355418207,4.365158322401754,179.7449563059454
4.415704473533221,91.40736154896501,4.415704473533221,179.7420030788711
4.466835921509729,91.40735949960835,4.466835921509729,179.7390156563572
4.518559443749322,91.40735740011183,4.518559443749322,179.7359936426365
4.57088189614885,91.40735525183712,4.57088189614885,179.7329366371373
4.623810213992704,91.40735305572541,4.623810213992704,179.7298442346618
4.677351412872085,91.40735080591389,4.677351412872085,179.7267160255335
4.731512589614909,91.40734850372044,4.731512589614909,179.7235515951078
4.78630092322649,91.40734614961045,4.78630092322649,179.7203505239674
4.841723675841101,91.40734373946655,4.841723675841101,179.7171123879849
4.897788193684572,91.40734127326633,4.897788193684572,179.7138367579905
4.954501908048013,91.40733874790946,4.954501908048013,179.7105231999491
5.011872336272836,91.40733616801091,5.011872336272836,179.7071712745425
5.069907082747158,91.40733352542424,5.069907082747158,179.7037805377943
5.128613839913765,91.40733082269315,5.128613839913765,179.7003505402278
5.188000389289729,91.40732805304118,5.188000389289729,179.6968808274835
5.248074602497845,91.40732522177898,5.248074602497845,179.6933709395225
5.308844442310004,91.40732232625801,5.308844442310004,179.6898204112562
5.37031796370265,91.40731936214529,5.37031796370265,179.6862287722726
5.432503314924457,91.40731632837115,5.432503314924457,179.6825955466009
5.495408738576372,91.40731322368583,5.495408738576372,179.6789202527653
5.559042572704164,91.40731004895378,5.559042572704164,179.6752024036372
5.623413251903621,91.40730679736288,5.623413251903621,179.6714415067349
5.688529308438547,91.40730346923385,5.688529308438547,179.6676370636116
5.754399373371704,91.40730006556439,5.754399373371704,179.6637885700212
5.82103217770885,91.40729658182464,5.82103217770885,179.6598955160924
5.888436553556027,91.40729301831956,5.888436553556027,179.655957385865
5.956621435290244,91.40728937068533,5.956621435290244,179.6519736575905
6.025595860743719,91.40728563935505,6.025595860743719,179.6479438032896
6.095368972401835,91.40728181783183,6.095368972401835,179.6438672891519
6.165950018614967,91.40727791190832,6.165950018614967,179.6397435746864
6.23734835482434,91.40727391241249,6.23734835482434,179.6355721137604
6.309573444802082,91.4072698200213,6.309573444802082,179.631352353514
6.382634861905638,91.40726563148947,6.382634861905638,179.6270837348507
6.456542290346708,91.40726134563693,6.456542290346708,179.6227656921167
6.531305526474878,91.40725696029953,6.531305526474878,179.6183976531496
6.606934480076117,91.40725247455121,6.606934480076117,179.6139790391124
6.683439175686305,91.40724788199697,6.683439175686305,179.6095092647095
6.760829753919979,91.40724318504361,6.760829753919979,179.6049877374796
6.839116472814457,91.40723837496085,6.839116472814457,179.6004138586064
6.918309709189531,91.40723345687371,6.918309709189531,179.5957870217096
6.998419960022903,91.4072284199264,6.998419960022903,179.5911066141296
7.07945784384155,91.40722326826315,7.07945784384155,179.5863720154167
7.161434102129194,91.40721799657106,7.161434102129194,179.5815825983841
7.244359600750077,91.40721260184026,7.244359600750077,179.576737728477
7.328245331389219,91.40720708257361,7.328245331389219,179.5718367637243
7.413102413009356,91.40720143136237,7.413102413009356,179.5668790550154
7.498942093324741,91.40719565195349,7.498942093324741,179.5618639451767
7.585775750292023,91.40718973619074,7.585775750292023,179.5567907700203
7.673614893618377,91.40718368463196,7.673614893618377,179.5516588572337
7.762471166287108,91.40717748926343,7.762471166287108,179.5464675271638
7.852356346100912,91.40717115024422,7.852356346100912,179.5412160918693
7.943282347243012,91.40716466665293,7.943282347243012,179.5359038555014
8.035261221856372,91.40715803035394,8.035261221856372,179.53053011454
8.128305161641194,91.40715123804438,8.128305161641194,179.5250941570733
8.222426499470915,91.40714428694889,8.222426499470915,179.5195952629181
8.317637711026917,91.40713717711284,8.317637711026917,179.5140327034008
8.413951416452161,91.40712989906515,8.413951416452161,179.5084057419455
8.511380382023978,91.40712245188871,8.511380382023978,179.5027136329754
8.609937521846222,91.40711483177968,8.609937521846222,179.496955622449
8.709635899561025,91.40710703477062,8.709635899561025,179.4911309476074
8.810488730080364,91.40709905751712,8.810488730080364,179.4852388368311
8.912509381337681,91.40709089163018,8.912509381337681,179.4792785098708
9.015711376059798,91.40708253468232,9.015711376059798,179.4732491770983
9.120108393559329,91.40707398522096,9.120108393559329,179.4671500396866
9.225714271547867,91.40706523566634,9.225714271547867,179.4609802899384
9.332543007970148,91.40705628550467,9.332543007970148,179.4547391103771
9.440608762859474,91.40704712174335,9.440608762859474,179.4484256748481
9.549925860214604,91.40703774798887,9.549925860214604,179.4420391465955
9.660508789898381,91.40702815446738,9.660508789898381,179.4355786800301
9.772372209558359,91.40701833975173,9.772372209558359,179.4290434192453
9.885530946569643,91.40700829336785,9.885530946569643,179.4224324990229
10.00000000000026,91.40699801608727,10.00000000000026,179.4157450433958
10.11579454259925,91.40698749776463,10.11579454259925,179.4089801669898
10.23292992280781,91.40697673411577,10.23292992280781,179.4021369737973
10.35142166679371,91.40696571896974,10.35142166679371,179.3952145575737
10.47128548050927,91.40695444928581,10.47128548050927,179.3882120013759
10.59253725177317,91.40694291704659,10.59253725177317,179.3811283779983
10.71519305237635,91.40693111459765,10.71519305237635,179.3739627494926
10.83926914021232,91.40691903808646,10.83926914021232,179.3667141667885
10.96478196143214,91.40690668111249,10.96478196143214,179.3593816700194
11.09174815262431,91.40689403583536,11.09174815262431,179.3519642883276
11.22018454301993,91.40688109404707,11.22018454301993,179.3444610396543
11.35010815672345,91.40686785114849,11.35010815672345,179.3368709303154
11.48153621496914,91.40685430327723,11.48153621496914,179.3291929550728
11.61448613840374,91.40684043751523,11.61448613840374,179.3214260977592
11.74897554939561,91.4068262494544,11.74897554939561,179.3135693298034
11.8850222743705,91.40681173064314,11.8850222743705,179.305621611054
12.02264434617445,91.40679687403247,12.02264434617445,179.29758188922
12.16186000646401,91.40678167078076,12.16186000646401,179.2894490999925
12.30268770812415,91.40676611433717,12.30268770812415,179.2812221665646
12.44514611771419,91.40675019330209,12.44514611771419,179.2729000000863
12.58925411794201,91.40673390605173,12.58925411794201,179.2644814982971
12.73503081016696,91.40671723459531,12.73503081016696,179.255965547575
12.88249551693169,91.40670017748532,12.88249551693169,179.2473510200197
13.03166778452335,91.40668272288593,13.03166778452335,179.2386367755818
13.18256738556443,91.40666486111726,13.18256738556443,179.2298216608483
13.33521432163361,91.40664658260688,13.33521432163361,179.2209045090651
13.48962882591691,91.40662788182863,13.48962882591691,179.2118841396302
13.64583136588962,91.40660874406741,13.64583136588962,179.2027593591198
13.80384264602923,91.40658915857246,13.80384264602923,179.1935289599669
13.96368361055976,91.4065691176196,13.96368361055976,179.1841917203651
14.12537544622793,91.40654861245434,14.12537544622793,179.1747464044828
14.28893958511143,91.40652762805163,14.28893958511143,179.1651917627941
14.45439770745968,91.40650615494189,14.45439770745968,179.1555265308151
14.62177174456759,91.40648417923772,14.62177174456759,179.1457494298739
14.79108388168249,91.40646169488973,14.79108388168249,179.1358591657613
14.96235656094475,91.40643868747478,14.96235656094475,179.1258544301305
15.13561248436251,91.40641514035653,15.13561248436251,179.1157338997548
15.31087461682073,91.4063910494143,15.31087461682073,179.1054962348514
15.48816618912525,91.4063663946054,15.48816618912525,179.0951400817835
15.66751070108194,91.40634116512695,15.66751070108194,179.0846640703357
15.84893192461159,91.40631535238157,15.84893192461159,179.0740668142206
16.03245390690087,91.40628893448266,16.03245390690087,179.063346912549
16.21810097358976,91.40626190317167,16.21810097358976,179.0525029468054
16.40589773199586,91.40623424208459,16.40589773199586,179.0415334829606
16.59586907437609,91.40620593488282,16.59586907437609,179.0304370704257
16.78804018122609,91.40617697022854,16.78804018122609,179.0192122413133
16.98243652461794,91.40614733371036,16.98243652461794,179.0078575111162
17.17908387157638,91.40611700328239,17.17908387157638,178.9963713790672
17.37800828749426,91.40608596746776,17.37800828749426,178.9847523258652
17.57923613958744,91.40605421011381,17.57923613958744,178.972998815201
17.78279410038975,91.40602171242693,17.78279410038975,178.9611092933501
17.98870915128841,91.4059884560468,17.98870915128841,178.9490821886049
18.19700858610037,91.40595442780503,18.19700858610037,178.936915910494
18.4077200146901,91.40591960899714,18.4077200146901,178.9246088508515
18.62087136662923,91.40588397537314,18.62087136662923,178.9121593836504
18.83649089489857,91.40584751351045,18.83649089489857,178.8995658627595
19.05460717963304,91.40581020467215,19.05460717963304,178.8868266237094
19.27524913190994,91.4057720243309,19.27524913190994,178.8739399835745
19.49844599758104,91.40573295664092,19.49844599758104,178.8609042388997
19.72422736114913,91.40569297901295,19.72422736114913,178.847717667454
19.9526231496894,91.40565206998971,19.9526231496894,178.8343785270007
20.18366363681622,91.40561020927052,20.18366363681622,178.8208850550542
20.41737944669591,91.40556737257386,20.41737944669591,178.8072354693417
20.65380155810592,91.40552354073054,20.65380155810592,178.7934279663428
20.89296130854103,91.40547868558455,20.89296130854103,178.779460722986
21.13489039836711,91.40543278922948,21.13489039836711,178.7653318937577
21.37962089502297,91.40538582191569,21.37962089502297,178.7510396135336
21.62718523727087,91.40533776150116,21.62718523727087,178.7365819946191
21.8776162394962,91.40528858246982,21.8776162394962,178.7219571280488
22.13094709605706,91.40523825846327,22.13094709605706,178.7071630829801
22.38721138568409,91.40518676398734,22.38721138568409,178.6921979061977
22.6464430759313,91.40513406812585,22.6464430759313,178.6770596228032
22.90867652767844,91.40508014828936,22.90867652767844,178.6617462338878
23.17394649968551,91.40502497238725,23.17394649968551,178.6462557189623
23.44228815319995,91.40496851078375,23.44228815319995,178.6305860339108
23.71373705661729,91.40491073742938,23.71373705661729,178.6147351105072
23.98832919019565,91.40485161568824,23.98832919019565,178.5987008583924
24.26610095082491,91.40479111932423,24.26610095082491,178.5824811614893
24.54708915685107,91.40472921356118,24.54708915685107,178.5660738807402
24.83133105295648,91.40466586768139,24.83133105295648,178.5494768518033
25.11886431509659,91.40460104887993,25.11886431509659,178.5326878857833
25.40972705549385,91.40453472013272,25.40972705549385,178.5157047693083
25.70395782768945,91.40446684483736,25.70395782768945,178.4985252634834
26.00159563165354,91.40439739166843,26.00159563165354,178.4811471027616
26.30267991895465,91.40432632215892,26.30267991895465,178.4635679967672
26.60725059798894,91.40425359738273,26.60725059798894,178.4457856288846
26.91534803927001,91.40417918320226,26.91534803927001,178.4277976550057
27.22701308077999,91.40410303559196,27.22701308077999,178.4096017058621
27.54228703338255,91.40402511104575,27.54228703338255,178.3911953848843
27.8612116862986,91.40394537909694,27.8612116862986,178.3725762655576
28.18382931264545,91.40386378667887,28.18382931264545,178.3537418976834
28.51018267504001,91.40378029848605,28.51018267504001,178.3346897996043
28.84031503126699,91.40369486577757,28.84031503126699,178.3154174637049
29.17427014001262,91.4036074457388,29.17427014001262,178.2959223524508
29.51209226666482,91.40351799174738,29.51209226666482,178.2762018999162
29.85382618918057,91.40342645481834,29.85382618918057,178.2562535112028
30.19951720402115,91.40333278666036,30.19951720402115,178.2360745615042
30.54921113215613,91.4032369413342,30.54921113215613,178.2156623954212
30.90295432513692,91.40313886591161,30.90295432513692,178.1950143285243
31.26079367124058,91.40303850345884,31.26079367124058,178.1741276464503
31.62277660168483,91.40293580830632,31.62277660168483,178.1529996013688
31.98895109691503,91.40283072556488,31.98895109691503,178.1316274158858
32.3593656929639,91.40272319618461,32.3593656929639,178.1100082816717
32.7340694878849,91.40261316584588,32.7340694878849,178.0881393572291
33.11311214826021,91.40250057292896,33.11311214826021,178.0660177701035
33.49654391578388,91.40238536381506,33.49654391578388,178.0436406131914
33.88441561392138,91.40226747487313,33.88441561392138,178.02100494833
34.27677865464618,91.4021468403091,34.27677865464618,177.9981078042583
34.67368504525432,91.40202339961891,34.67368504525432,177.9749461745135
35.07518739525798,91.40189708670233,35.07518739525798,177.9515170195353
35.48133892335874,91.40176783760118,35.48133892335874,177.9278172645122
35.89219346450173,91.40163557936184,35.89219346450173,177.9038438016202
36.30780547701136,91.40150024686817,36.30780547701136,177.879593485649
36.7282300498097,91.40136176500565,36.7282300498097,177.8550631378866
37.15352290971851,91.40122006305681,37.15352290971851,177.8302495422492
37.58374042884569,91.40107506703478,37.58374042884569,177.8051494467437
38.01893963205741,91.40092669352158,38.01893963205741,177.7797595646556
38.45917820453666,91.40077487401344,38.45917820453666,177.7540765679848
38.90451449942938,91.40061951885764,38.90451449942938,177.728097096214
39.35500754557908,91.40046055505829,39.35500754557908,177.7018177461969
39.81071705535108,91.4002978922184,39.81071705535108,177.6752350805628
40.27170343254728,91.40013144766712,40.27170343254728,177.6483456207637
40.73802778041266,91.39996113467099,40.73802778041266,177.6211458497133
41.20975190973443,91.39978685820037,41.20975190973443,177.5936322125708
41.68693834703497,91.39960853281814,41.68693834703497,177.5658011114131
42.16965034285967,91.39942605753724,42.16965034285967,177.5376489117306
42.65795188016073,91.39923934355041,42.65795188016073,177.509171934272
43.15190768277801,91.39904828640283,43.15190768277801,177.4803664624338
43.6515832240181,91.39885278766849,43.6515832240181,177.4512287356823
44.15704473533278,91.39865274483982,44.15704473533278,177.4217549519823
44.66835921509786,91.39844805256288,44.66835921509786,177.3919412669857
45.1855944374938,91.39823860183144,45.1855944374938,177.3617837938469
45.70881896148909,91.39802428300897,45.70881896148909,177.3312786018607
46.23810213992764,91.39780498212127,46.23810213992764,177.3004217171104
46.77351412872145,91.39758058287396,46.77351412872145,177.2692091214067
47.3151258961497,91.39735097321156,47.3151258961497,177.2376367497466
47.86300923226551,91.39711602411127,47.86300923226551,177.2057004965066
48.41723675841163,91.39687561717749,48.41723675841163,177.1733962062736
48.97788193684634,91.39662962407732,48.97788193684634,177.1407196798809
49.54501908048077,91.39637791363126,49.54501908048077,177.1076666716998
50.118723362729,91.39612035975847,50.118723362729,177.0742328864795
50.69907082747223,91.3958568193033,50.69907082747223,177.0404139862367
51.28613839913831,91.395587155359,51.28613839913831,177.0062055820297
51.88000389289796,91.39531122954085,51.88000389289796,176.9716032359623
52.48074602497913,91.3950288937956,52.48074602497913,176.9366024635149
53.08844442310073,91.39474000227176,53.08844442310073,176.9011987289768
53.7031796370272,91.39444440287534,53.7031796370272,176.8653874478399
54.32503314924527,91.39414193404687,54.32503314924527,176.8291639875423
54.95408738576443,91.39383244034209,54.95408738576443,176.7925236613149
55.59042572704236,91.39351576687837,55.59042572704236,176.7554617295685
56.23413251903693,91.39319173505118,56.23413251903693,176.7179734084057
56.8852930843862,91.39286018827711,56.8852930843862,176.6800538521058
57.54399373371778,91.39252093718181,57.54399373371778,176.6416981731751
58.21032177708926,91.39217381669928,58.21032177708926,176.6029014201673
58.88436553556104,91.39181863694533,58.88436553556104,176.5636585959387
59.56621435290322,91.3914552135388,59.56621435290322,176.5239646454347
60.25595860743798,91.39108335807164,60.25595860743798,176.4838144588239
60.95368972401915,91.3907028740108,60.95368972401915,176.4432028726069
61.65950018615048,91.39031356199497,61.65950018615048,176.4021246669757
62.37348354824422,91.38991521637543,62.37348354824422,176.3605745666699
63.09573444802164,91.38950763050661,63.09573444802164,176.3185472382622
63.82634861905722,91.38909059042541,63.82634861905722,176.2760372922036
64.56542290346793,91.38866387720832,64.56542290346793,176.2330392813119
65.31305526474965,91.38822726803967,65.31305526474965,176.1895476997577
66.06934480076205,91.38778053470681,66.06934480076205,176.1455569831712
66.83439175686395,91.38732344476998,66.83439175686395,176.1010615075411
67.60829753920071,91.38685575612671,67.60829753920071,176.0560555911123
68.3911647281455,91.38637722385326,68.3911647281455,176.0105334907869
69.18309709189624,91.38588760393488,69.18309709189624,175.9644893997823
69.98419960022999,91.38538663230015,69.98419960022999,175.9179174567464
70.79457843841647,91.38487405070855,70.79457843841647,175.8708117332376
71.61434102129292,91.3843495940577,71.61434102129292,175.8231662390195
72.44359600750175,91.38381298903727,72.44359600750175,175.774974922107
73.28245331389319,91.38326395271091,73.28245331389319,175.726231669006
74.13102413009456,91.38270219822681,74.13102413009456,175.6769303013679
74.98942093324843,91.38212743228614,74.98942093324843,175.6270645766652
75.85775750292126,91.38153936087954,75.85775750292126,175.5766281846756
76.73614893618482,91.38093767177764,76.73614893618482,175.525614755809
77.62471166287213,91.38032205395223,77.62471166287213,175.4740178506857
78.52356346101017,91.3796921869767,78.52356346101017,175.4218309649872
79.43282347243118,91.37904774364911,79.43282347243118,175.3690475275508
80.3526122185648,91.37838838804994,80.3526122185648,175.3156609008393
81.28305161641305,91.37771377780062,81.28305161641305,175.2616643791657
82.22426499471028,91.37702356218652,82.22426499471028,175.2070511891832
83.17637711027031,91.37631738383769,83.17637711027031,175.151814488392
84.13951416452277,91.37559487349813,84.13951416452277,175.0959473674908
85.11380382024095,91.37485565793122,85.11380382024095,175.0394428454742
86.09937521846341,91.37409935332813,86.09937521846341,174.9822938727178
87.09635899561145,91.37332557199178,87.09635899561145,174.9244933266175
88.10488730080485,91.37253390745116,88.10488730080485,174.8660340197052
89.12509381337804,91.37172395419532,89.12509381337804,174.8069086876345
90.15711376059923,91.3708952896161,90.15711376059923,174.74710999927
91.20108393559457,91.3700474857603,91.20108393559457,174.6866305492014
92.25714271547996,91.3691801062423,92.25714271547996,174.6254628590423
93.3254300797028,91.368292701733,93.3254300797028,174.5635993796528
94.40608762859608,91.367384813233,94.40608762859608,174.5010324887464
95.49925860214739,91.36645597416346,95.49925860214739,174.4377544889876
96.60508789898519,91.36550570659017,96.60508789898519,174.3737576098756
97.72372209558498,91.36453352064335,97.72372209558498,174.309034007657
98.85530946569784,91.36353891230128,98.85530946569784,174.2435757664203
100.000000000004,91.3625213750486,100.000000000004,174.1773748898826
101.1579454259939,91.36148038124624,101.1579454259939,174.1104233132606
102.3292992280795,91.36041539704814,102.3292992280795,174.0427128930319
103.5142166679386,91.35932587749851,103.5142166679386,173.9742354095991
104.7128548050942,91.35821126042799,104.7128548050942,173.9049825711912
105.9253725177332,91.35707097846721,105.9253725177332,173.8349460051227
107.151930523765,91.35590444551995,107.151930523765,173.764117266817
108.3926914021247,91.3547110681954,108.3926914021247,173.6924878313773
109.6478196143229,91.35349023022602,109.6478196143229,173.6200491044324
110.9174815262446,91.35224131242232,110.9174815262446,173.546792407369
112.2018454302009,91.35096367272882,112.2018454302009,173.4727089915781
113.5010815672361,91.34965665875876,113.5010815672361,173.3977900289232
114.8153621496929,91.34831961149487,114.8153621496929,173.3220266085486
116.144861384039,91.34695184686939,116.144861384039,173.2454097504894
117.4897554939577,91.34555266806417,117.4897554939577,173.1679303962726
118.8502227437067,91.34412136661119,118.8502227437067,173.0895794076613
120.2264434617462,91.34265720910543,120.2264434617462,173.0103475770031
121.6186000646418,91.34115946233095,121.6186000646418,172.9302256069943
123.0268770812432,91.33962736077765,123.0268770812432,172.8492041365266
124.4514611771436,91.33806013175116,124.4514611771436,172.7672737204001
125.8925411794219,91.33645698192881,125.8925411794219,172.6844248400483
127.3503081016714,91.33481710453749,127.3503081016714,172.600647897563
128.8249551693187,91.33313967134706,128.8249551693187,172.5159332223053
130.3166778452353,91.33142383232509,130.3166778452353,172.4302710714218
131.8256738556462,91.32966872941043,131.8256738556462,172.3436516178375
133.3521432163379,91.32787347785252,133.3521432163379,172.2560649664559
134.896288259171,91.32603718134362,134.896288259171,172.1675011409613
136.4583136588981,91.32415891199466,136.4583136588981,172.0779501018376
138.0384264602942,91.32223773111386,138.0384264602942,171.9874017279205
139.6368361055996,91.32027268145328,139.6368361055996,171.8958458233965
141.2537544622813,91.3182627794306,141.2537544622813,171.8032721252041
142.8893958511163,91.31620702580668,142.8893958511163,171.7096702934845
144.5439770745988,91.3141043910496,144.5439770745988,171.6150299256837
146.2177174456779,91.31195383389083,146.2177174456779,171.5193405392606
147.910838816827,91.3097542872068,147.910838816827,171.4225915854753
149.6235656094496,91.30750465834043,149.6235656094496,171.3247724497044
151.3561248436272,91.30520383277931,151.3561248436272,171.2258724484077
153.1087461682095,91.30285067672915,153.1087461682095,171.1258808269642
154.8816618912547,91.30044403064096,154.8816618912547,171.0247867666215
156.6751070108215,91.29798270254821,156.6751070108215,170.9225793923783
158.4893192461181,91.29546548556715,158.4893192461181,170.8192477555339
160.324539069011,91.29289114675755,160.324539069011,170.7147808458072
162.1810097358999,91.29025842282206,162.1810097358999,170.609167596871
164.0589773199609,91.28756602227085,164.0589773199609,170.5023968852134
165.9586907437632,91.28481263827206,165.9586907437632,170.3944575168435
167.8804018122632,91.2819969249685,167.8804018122632,170.285338254288
169.8243652461817,91.27911751120438,169.8243652461817,170.1750278028048
171.7908387157662,91.27617300768549,171.7908387157662,170.0635148031456
173.780082874945,91.273161979297,173.780082874945,169.9507878644451
175.7923613958768,91.27008297534546,175.7923613958768,169.8368355309273
177.8279410039,91.26693451071407,177.8279410039,169.7216463049678
179.8870915128866,91.26371507075075,179.8870915128866,169.6052086429418
181.9700858610062,91.26042310597326,181.9700858610062,169.4875109632612
184.0772001469036,91.25705704567117,184.0772001469036,169.3685416314875
186.2087136662948,91.25361527755068,186.2087136662948,169.2482889868182
188.3649089489882,91.25009615974065,188.3649089489882,169.1267413294938
190.546071796333,91.24649802620185,190.546071796333,169.0038869155659
192.752491319102,91.2428191594756,192.752491319102,168.8797139936201
194.9844599758131,91.23905782535201,194.9844599758131,168.7542107628494
197.242273611494,91.23521224834593,197.242273611494,168.627365406534
199.5262314968967,91.2312806183233,199.5262314968967,168.4991660860351
201.8366363681649,91.22726109141125,201.8366363681649,168.3696009420035
204.1737944669619,91.22315178354458,204.1737944669619,168.2386581057226
206.538015581062,91.2189507792545,206.538015581062,168.1063256898832
208.9296130854131,91.21465612370145,208.9296130854131,167.9725918022939
211.348903983674,91.21026582300485,211.348903983674,167.8374445484603
213.7962089502326,91.20577785183261,213.7962089502326,167.7008720239847
216.2718523727116,91.20119013706351,216.2718523727116,167.562862340874
218.7761623949649,91.19650057322605,218.7761623949649,167.423403609068
221.3094709605736,91.19170701025764,221.3094709605736,167.2824839574519
223.8721138568439,91.18680726671123,223.8721138568439,167.140091518195
226.464430759316,91.18179910472882,226.464430759316,166.9962144676615
229.0867652767875,91.17668025947496,229.0867652767875,166.8508409865781
231.7394649968582,91.17144842073813,231.7394649968582,166.7039592914906
234.4228815320027,91.16610123013035,234.4228815320027,166.5555576436441
237.1373705661761,91.16063629885367,237.1373705661761,166.4056243258154
239.8832919019598,91.15505117902757,239.8832919019598,166.2541476916833
242.6610095082524,91.14934339274606,242.6610095082524,166.1011161250312
245.470891568514,91.14351041117617,245.470891568514,165.9465180775175
248.3133105295682,91.13754966010191,248.3133105295682,165.7903420654226
251.1886431509693,91.13145852262257,251.1886431509693,165.6325766702859
254.097270554942,91.12523433717256,254.097270554942,165.4732105476224
257.039578276898,91.11887439133002,257.039578276898,165.3122324430975
260.015956316539,91.11237593083916,260.015956316539,165.1496311831438
263.0267991895501,91.10573615283573,263.0267991895501,164.9853956925294
266.072505979893,91.09895220679512,266.072505979893,164.8195149991325
269.1534803927038,91.09202119390817,269.1534803927038,164.6519782413981
272.2701308078036,91.08494016925673,272.2701308078036,164.4827746713682
275.4228703338292,91.07770614203459,275.4228703338292,164.3118936607295
278.6121168629897,91.0703160637436,278.6121168629897,164.1393247297644
281.8382931264582,91.06276684429392,281.8382931264582,163.9650575253097
285.1018267504039,91.05505533725348,285.1018267504039,163.789081855541
288.4031503126737,91.04717836107106,288.4031503126737,163.6113876576077
291.74270140013,91.03913266953411,291.74270140013,163.4319650618296
295.1209226666521,91.03091496953371,295.1209226666521,163.2508043662368
298.5382618918096,91.02252191888206,298.5382618918096,163.0678960493518
301.9951720402154,91.01395012753626,301.9951720402154,162.8832307761551
305.4921113215653,91.00519615553506,305.4921113215653,162.6967994109359
309.0295432513732,90.99625650515085,309.0295432513732,162.5085930427325
312.6079367124098,90.98712763401237,312.6079367124098,162.3186029682259
316.2277660168525,90.97780594014185,316.2277660168525,162.1268207322976
319.8895109691545,90.96828778840391,319.8895109691545,161.9332380824247
323.5936569296431,90.95856948012518,323.5936569296431,161.7378470426454
327.3406948788532,90.94864726233328,327.3406948788532,161.5406399052625
331.1311214826063,90.93851733724782,331.1311214826063,161.3416092210886
334.9654391578431,90.92817586235765,334.9654391578431,161.140747809486
338.8441561392182,90.9176189330112,338.8441561392182,160.9380488084608
342.7677865464662,90.90684260161652,342.7677865464662,160.7335056435008
346.7368504525477,90.89584286553057,346.7368504525477,160.5271120667171
350.7518739525843,90.88461568529412,350.7518739525843,160.3188621266969
354.8133892335919,90.87315695251513,354.8133892335919,160.108750255436
358.9219346450219,90.8614625289657,358.9219346450219,159.8967711896154
363.0780547701182,90.84952821570226,363.0780547701182,159.6829200560434
367.2823004981018,90.83734977376871,367.2823004981018,159.4671923353363
371.5352290971899,90.82492291091698,371.5352290971899,159.2495839075121
375.8374042884617,90.8122432920299,375.8374042884617,159.0300910400715
380.189396320579,90.79930653924879,380.189396320579,158.8087104011308
384.5917820453716,90.78610822366647,384.5917820453716,158.5854390943564
389.0451449942989,90.77264387046617,389.0451449942989,158.3602746609435
393.550075455796,90.75890897384073,393.550075455796,158.1332150551842
398.107170553516,90.74489897060388,398.107170553516,157.9042587276398
402.7170343254781,90.73060926703867,402.7170343254781,157.6734045703068
407.380277804132,90.71603522324436,407.380277804132,157.4406519727704
412.0975190973497,90.70117216717406,412.0975190973497,157.2060007999861
416.8693834703552,90.68601537924317,416.8693834703552,156.9694514499516
421.6965034286023,90.67056010883199,421.6965034286023,156.7310048243209
426.5795188016129,90.65480157536633,426.5795188016129,156.4906623408888
431.5190768277858,90.63873495314087,431.5190768277858,156.2484259925789
436.5158322401868,90.62235539234885,436.5158322401868,156.0042983046066
441.5704473533336,90.60565800910902,441.5704473533336,155.7582823789724
446.6835921509845,90.58863789235247,446.6835921509845,155.5103818914708
451.855944374944,90.57129010451989,451.855944374944,155.2606011061161
457.088189614897,90.55360967961801,457.088189614897,155.0089448979574
462.3810213992825,90.5355916310634,462.3810213992825,154.755418746723
467.7351412872207,90.5172309480555,467.7351412872207,154.500028764658
473.1512589615033,90.49852260535245,473.1512589615033,154.2427816835711
478.6300923226614,90.47946155100148,478.6300923226614,153.98368491065
484.1723675841227,90.4600427307703,484.1723675841227,153.722746468463
489.7788193684698,90.44026106833932,489.7788193684698,153.4599750749832
495.4501908048142,90.42011147673628,495.4501908048142,153.1953801249542
501.1872336272965,90.39958886524281,501.1872336272965,152.9289716841821
506.9907082747289,90.37868813454757,506.9907082747289,152.6607605229878
512.8613839913897,90.35740418922119,512.8613839913897,152.3907580910413
518.8000389289863,90.33573192075593,518.8000389289863,152.1189765925062
524.8074602497981,90.31366623352133,524.8074602497981,151.8454289146093
530.8844442310142,90.29120203429801,530.8844442310142,151.5701286801128
537.0317963702789,90.26833423926455,537.0317963702789,151.2930902395632
543.2503314924597,90.24505777197048,543.2503314924597,151.0143286954988
549.5408738576514,90.22136757026811,549.5408738576514,150.7338598944927
555.9042572704308,90.19725859486543,555.9042572704308,150.4517004113854
562.3413251903767,90.17272582278852,562.3413251903767,150.1678675894292
568.8529308438694,90.14776425119308,568.8529308438694,149.8823795423352
575.4399373371853,90.12236890964576,575.4399373371853,149.5952551233937
582.1032177709001,90.09653485561678,582.1032177709001,149.3065139573785
588.843655355618,90.0702571809699,588.843655355618,149.0161764301352
595.6621435290399,90.04353101054892,595.6621435290399,148.7242637088091
602.5595860743875,90.01635151330227,602.5595860743875,148.4307977121144
609.5368972401993,89.98871389978603,609.5368972401993,148.1358011333241
616.5950018615127,89.96061342861651,616.5950018615127,147.8392974273093
623.7348354824502,89.93204540746729,623.7348354824502,147.5413108191981
630.9573444802246,89.90300519718885,630.9573444802246,147.2418662995351
638.2634861905805,89.87348822298534,638.2634861905805,146.9409895883268
645.6542290346877,89.84348996649493,645.6542290346877,146.6387071791939
653.1305526475049,89.81300596747538,653.1305526475049,146.3350463430335
660.6934480076291,89.78203184729814,660.6934480076291,146.0300350364457
668.3439175686481,89.75056329200973,668.3439175686481,145.723701982603
676.0829753920157,89.71859606390282,676.0829753920157,145.416076629766
683.9116472814636,89.68612600217574,683.9116472814636,145.1071891552956
691.8309709189713,89.65314903692887,691.8309709189713,144.7970704087046
699.8419960023087,89.61966117215948,699.8419960023087,144.4857519950048
707.9457843841736,89.58565851453864,707.9457843841736,144.1732661471491
716.1434102129382,89.55113725356318,716.1434102129382,143.8596458215316
724.4359600750267,89.51609368062718,724.4359600750267,143.5449246125576
732.8245331389412,89.48052418663963,732.8245331389412,143.2291367646122
741.3102413009551,89.44442526658949,741.3102413009551,142.9123171517676
749.8942093324939,89.40779351593247,749.8942093324939,142.594501295853
758.5775750292223,89.37062565088915,758.5775750292223,142.2757252650407
767.3614893618579,89.33291848858799,767.3614893618579,141.9560257709045
776.2471166287312,89.29466896875465,776.2471166287312,141.635440057192
785.2356346101118,89.2558741519625,785.2356346101118,141.3140059029852
794.328234724322,89.21653121506441,794.328234724322,140.9917616419792
803.5261221856582,89.17663745966081,803.5261221856582,140.6687461128464
812.8305161641407,89.13619031951467,812.8305161641407,140.3449986117767
822.2426499471131,89.0951873532847,822.2426499471131,140.0205589229841
831.7637711027136,89.05362625368902,831.7637711027136,139.6954672599781
841.3951416452383,89.01150484802625,841.3951416452383,139.3697642516684
851.1380382024201,88.96882109872563,851.1380382024201,139.0434909275251
860.9937521846449,88.92557311058295,860.9937521846449,138.7166886637741
870.9635899561255,88.88175912229619,870.9635899561255,138.3893992175254
881.0488730080596,88.83737752434965,881.0488730080596,138.0616646084928
891.2509381337916,88.79242684170396,891.2509381337916,137.7335272028689
901.5711376060035,88.74690575313849,901.5711376060035,137.4050295821677
912.0108393559569,88.70081307878438,912.0108393559569,137.076214597792
922.571427154811,88.65414778940972,922.571427154811,136.7471252959265
933.2543007970395,88.6069090067562,933.2543007970395,136.417804893448
944.0608762859724,88.55909599991122,944.0608762859724,136.0882967778228
954.9925860214856,88.51070818867163,954.9925860214856,135.7586444631525
966.0508789898637,88.46174515026426,966.0508789898637,135.4288915225625
977.2372209558616,88.41220660559279,977.2372209558616,135.0990816492834
988.5530946569904,88.36209243526571,988.5530946569904,134.7692585282429
1000.000000000052,88.31140266844156,1000.000000000052,134.4394658786776
1011.579454259951,88.26013748669745,1011.579454259951,134.109747400511
1023.292992280808,88.20829722937438,1023.292992280808,133.7801467082807
1035.142166679398,88.15588238021512,1035.142166679398,133.4507073893409
1047.128548050955,88.1028935764426,1047.128548050955,133.1214729112328
1059.253725177345,88.04933160916974,1059.253725177345,132.7924865851352
1071.519305237663,87.9951974195866,1071.519305237663,132.4637915568767
1083.926914021261,87.94049209383212,1083.926914021261,132.1354308092629
1096.478196143243,87.8852168690095,1096.478196143243,131.8074470835084
1109.17481526246,87.82937312648473,1109.17481526246,131.4798828903246
1122.018454302023,87.77296239605212,1122.018454302023,131.1527804423364
1135.010815672375,87.715986347675,1135.010815672375,130.8261816760497
1148.153621496944,87.65844679391677,1148.153621496944,130.5001281956563
1161.448613840405,87.6003456887712,1161.448613840405,130.1746612416222
1174.897554939592,87.54168512347435,1174.897554939592,129.8498216822635
1188.502227437082,87.48246732512291,1188.502227437082,129.5256499832882
1202.264434617477,87.42269465151836,1202.264434617477,129.2021862073465
1216.186000646433,87.36236959782681,1216.186000646433,128.879469919131
1230.268770812448,87.30149478042367,1230.268770812448,128.5575402715805
1244.514611771452,87.24007294745185,1244.514611771452,128.2364358785185
1258.925411794235,87.1781069691724,1258.925411794235,127.9161948496479
1273.50308101673,87.11559983429945,1273.50308101673,127.596854777302
1288.249551693204,87.05255464967367,1288.249551693204,127.2784526965885
1303.16677845237,86.98897464047207,1303.16677845237,126.961025038333
1318.256738556478,86.92486313854333,1318.256738556478,126.6446076847718
1333.521432163396,86.86022358719077,1333.521432163396,126.3292358846636
1348.962882591727,86.79505953524134,1348.962882591727,126.0149442600127
1364.583136588999,86.72937463015047,1364.583136588999,125.7017668233283
1380.38426460296,86.66317262169473,1380.38426460296,125.3897369002279
1396.368361056014,86.59645735493343,1396.368361056014,125.0788871479208
1412.537544622832,86.52923276334374,1412.537544622832,124.7692495747519
1428.893958511181,86.46150287135123,1428.893958511181,124.4608554727188
1445.439770746007,86.39327178663228,1445.439770746007,124.1537354460718
1462.177174456799,86.32454370110008,1462.177174456799,123.8479193576861
1479.108388168289,86.25532288244631,1479.108388168289,123.5434363666803
1496.235656094516,86.18561367124508,1496.235656094516,123.240314913923
1513.561248436292,86.11542047901648,1513.561248436292,122.9385826996221
1531.087461682115,86.04474778902076,1531.087461682115,122.6382666320765
1548.816618912567,85.97360014192667,1548.816618912567,122.3393929285208
1566.751070108236,85.90198214012187,1566.751070108236,122.0419870330656
1584.893192461201,85.82989844370395,1584.893192461201,121.7460736157079
1603.245390690131,85.75735376454543,1603.245390690131,121.4516765935338
1621.81009735902,85.68435286394831,1621.81009735902,121.158819116407
1640.589773199631,85.61090054675185,1640.589773199631,120.8675235907907
1659.586907437653,85.53700166315156,1659.586907437653,120.5778116222681
1678.804018122654,85.46266110085614,1678.804018122654,120.2897040632132
1698.243652461839,85.38788378316106,1698.243652461839,120.0032209959686
1717.908387157684,85.31267466454528,1717.908387157684,119.7183817475995
1737.800828749473,85.23703872886662,1737.800828749473,119.4352048744314
1757.923613958791,85.16098098484116,1757.923613958791,119.1537081790585
1778.279410039022,85.08450646305947,1778.279410039022,118.8739087110553
1798.870915128889,85.00762021631556,1798.870915128889,118.5958227306957
1819.700858610086,84.93032730774024,1819.700858610086,118.3194658161858
1840.772001469059,84.85263281821133,1840.772001469059,118.0448527459771
1862.087136662972,84.77454183550125,1862.087136662972,117.7719975981272
1883.649089489907,84.69605945665742,1883.649089489907,117.5009136924343
1905.460717963355,84.61719078059303,1905.460717963355,117.2316136545593
1927.524913191045,84.53794091024855,1927.524913191045,116.9641093603806
1949.844599758155,84.45831494381231,1949.844599758155,116.6984120217737
1972.422736114965,84.37831797912283,1972.422736114965,116.434532104959
1995.262314968993,84.29795510467493,1995.262314968993,116.1724794213068
2018.366363681675,84.21723140147513,2018.366363681675,115.9122630815548
2041.737944669645,84.13615193870073,2041.737944669645,115.6538915288615
2065.380155810647,84.05472177102303,2065.380155810647,115.3973725548113
2089.296130854158,83.97294593849061,2089.296130854158,115.1427132805787
2113.489039836767,83.89082946212741,2113.489039836767,114.889920196696
2137.962089502354,83.80837734296617,2137.962089502354,114.6389991586493
2162.718523727144,83.72559455959231,2162.718523727144,114.3899554043614
2187.761623949677,83.64248606632623,2187.761623949677,114.1427935631493
2213.094709605764,83.5590567915407,2213.094709605764,113.8975176641514
2238.721138568468,83.47531163505417,2238.721138568468,113.6541311604824
2264.644307593189,83.39125546855118,2264.644307593189,113.4126369097963
2290.867652767904,83.30689313025147,2290.867652767904,113.1730372393833
2317.394649968612,83.2222294282555,2317.394649968612,112.935333886935
2344.228815320057,83.13726913450122,2344.228815320057,112.6995280795417
2371.373705661792,83.05201698478506,2371.373705661792,112.4656205244233
2398.832919019629,82.96647767985982,2398.832919019629,112.233611385382
2426.610095082556,82.88065588053108,2426.610095082556,112.0035003487987
2454.708915685173,82.79455620859794,2454.708915685173,111.7752866042868
2483.133105295714,82.70818324530038,2483.133105295714,111.54896886369
2511.886431509726,82.62154153014825,2511.886431509726,111.3245453737948
2540.972705549453,82.53463555998722,2540.972705549453,111.1020139296181
2570.395782769014,82.44746978723107,2570.395782769014,110.881371898513
2600.159563165424,82.360048621996,2600.159563165424,110.6626161847191
2630.267991895535,82.27237642665024,2630.267991895535,110.4457433170288
2660.725059798965,82.18445751795061,2660.725059798965,110.2307494150454
2691.534803927073,82.09629616834845,2691.534803927073,110.0176301649987
2722.701308078072,82.00789659974325,2722.701308078072,109.8063809290751
2754.228703338328,81.91926298800141,2754.228703338328,109.596996670634
2786.121168629934,81.83039946039258,2786.121168629934,109.3894719997229
2818.382931264619,81.74131009409737,2818.382931264619,109.1838012037373
2851.018267504077,81.65199891940021,2851.018267504077,108.9799781954597
2884.031503126776,81.56246991446663,2884.031503126776,108.7779966112625
2917.427014001339,81.47272700950228,2917.427014001339,108.5778497409451
2951.20922666656,81.38277408336636,2951.20922666656,108.3795305971245
2985.382618918135,81.29261496455663,2985.382618918135,108.1830319029643
3019.951720402194,81.20225343139342,3019.951720402194,107.9883460977691
3054.921113215693,81.11169321159259,3054.921113215693,107.7954653507311
3090.295432513773,81.02093798147324,3090.295432513773,107.6043815873449
3126.07936712414,80.92999136695275,3126.07936712414,107.4150864781056
3162.277660168567,80.83885694321374,3162.277660168567,107.2275714549665
3198.895109691588,80.74753823439083,3198.895109691588,107.0418277282523
3235.936569296475,80.65603871345144,3235.936569296475,106.85784629958
3273.406948788577,80.56436180326705,3273.406948788577,106.6756179517821
3311.311214826108,80.47251087587151,3311.311214826108,106.4951332765849
3349.654391578476,80.38048925336527,3349.654391578476,106.3163826660358
3388.441561392228,80.28830020689973,3388.441561392228,106.1393563486708
3427.677865464709,80.19594695734807,3427.677865464709,105.9640443876637
3467.368504525524,80.10343267714003,3467.368504525524,105.790436655783
3507.51873952589,80.01076048757784,3507.51873952589,105.6185229059296
3548.133892335968,79.91793346189617,3548.133892335968,105.4482927197566
3589.219346450268,79.82495462369198,3589.219346450268,105.2797355574755
3630.780547701232,79.73182694839568,3630.780547701232,105.1128407384157
3672.823004981068,79.63855336222451,3672.823004981068,104.9475974813569
3715.35229097195,79.54513674470856,3715.35229097195,104.7839948624777
3758.374042884669,79.45157992710052,3758.374042884669,104.6220218670037
3801.893963205842,79.35788569332014,3801.893963205842,104.461667384912
3845.917820453768,79.26405678096616,3845.917820453768,104.3029202019208
3890.451449943042,79.17009588086847,3890.451449943042,104.1457690286389
3935.500754558013,79.07600563846712,3935.500754558013,103.9902024834269
3981.071705535214,78.98178865320956,3981.071705535214,103.8362091246034
4027.170343254836,78.88744748012287,4027.170343254836,103.6837774284371
4073.802778041375,78.7929846288923,4073.802778041375,103.53289583095
4120.975190973553,78.69840256584095,4120.975190973553,103.3835526952683
4168.693834703608,78.60370371355533,4168.693834703608,103.235736339949
4216.96503428608,78.50889045144723,4216.96503428608,103.0894350403586
4265.795188016188,78.41396511630217,4265.795188016188,102.9446370368138
4315.190768277917,78.31893000317018,4315.190768277917,102.8013305255559
4365.158322401929,78.22378736501834,4365.158322401929,102.6595036890731
4415.704473533398,78.12853941434521,4415.704473533398,102.5191446714633
4466.835921509907,78.03318832268069,4466.835921509907,102.3802416089638
4518.559443749503,77.93773622176599,4518.559443749503,102.242782618319
4570.881896149033,77.84218520399389,4570.881896149033,102.1067558042155
4623.81021399289,77.7465373224839,4623.81021399289,101.9721492734301
4677.351412872272,77.65079459250165,4677.351412872272,101.8389511168804
4731.512589615098,77.55495899088905,4731.512589615098,101.7071494427186
4786.30092322668,77.45903245758714,4786.30092322668,101.5767323540621
4841.723675841295,77.36301689535085,4841.723675841295,101.4476879736982
4897.788193684767,77.2669141713252,4897.788193684767,101.3200044202437
4954.501908048212,77.1707261162333,4954.501908048212,101.1936698480886
5011.872336273036,77.0744545257222,5011.872336273036,101.068672428833
5069.907082747361,76.97810116143499,5069.907082747361,100.9450003384256
5128.61383991397,76.88166775012056,5128.61383991397,100.8226418015653
5188.000389289937,76.78515598556382,5188.000389289937,100.7015850524124
5248.074602498055,76.68856752782963,5248.074602498055,100.5818183767662
5308.844442310217,76.59190400504372,5308.844442310217,100.4633300774322
5370.317963702865,76.49516701312878,5370.317963702865,100.3461084992819
5432.503314924675,76.39835811609085,5432.503314924675,100.2301420393025
5495.408738576592,76.30147884789069,5495.408738576592,100.1154191072253
5559.042572704387,76.20453071100567,5559.042572704387,100.0019281884065
5623.413251903846,76.10751517861266,5623.413251903846,99.88965779351899
5688.529308438774,76.01043369423633,5688.529308438774,99.77859648771683
5754.399373371934,75.91328767248115,5754.399373371934,99.66873288463918
5821.032177709083,75.81607849911168,5821.032177709083,99.56005566205518
5888.436553556263,75.71880753279186,5888.436553556263,99.45255352346615
5956.621435290483,75.62147610371562,5956.621435290483,99.34621525930389
6025.595860743961,75.52408551554797,6025.595860743961,99.24102970204902
6095.36897240208,75.42663704569087,6095.36897240208,99.13698573339438
6165.950018615215,75.32913194491456,6165.950018615215,99.03407231412406
6237.34835482459,75.23157143883232,6237.34835482459,98.93227845171545
6309.573444802336,75.13395672753197,6309.573444802336,98.8315932296979
6382.634861905895,75.03628898689433,6382.634861905895,98.73200577933126
6456.542290346969,74.9385693681166,6456.542290346969,98.63350531210625
6531.305526475143,74.84079899900019,6531.305526475143,98.53608109228198
6606.934480076385,74.74297898369362,6606.934480076385,98.43972246290278
6683.439175686576,74.64511040356936,6683.439175686576,98.34441882850642
6760.829753920253,74.54719431741024,6760.829753920253,98.25015966692669
6839.116472814734,74.44923176211722,6839.116472814734,98.15693451949745
6918.309709189812,74.35122375284598,6918.309709189812,98.06473300097257
6998.419960023188,74.25317128332972,6998.419960023188,97.97354480384735
7079.457843841838,74.15507532675991,7079.457843841838,97.88335968217889
7161.434102129484,74.05693683562852,7161.434102129484,97.79416747168244
7244.35960075037,73.95875674260596,7244.35960075037,97.70595807320548
7328.245331389517,73.86053596052781,7328.245331389517,97.61872146640867
7413.102413009657,73.76227538290854,7413.102413009657,97.53244770842566
7498.942093325046,73.6639758844596,7498.942093325046,97.44712692597963
7585.775750292331,73.56563832142082,7585.775750292331,97.36274931737586
7673.614893618689,73.46726353176264,7673.614893618689,97.27930516129015
7762.471166287423,73.36885233548992,7762.471166287423,97.19678481606653
7852.35634610123,73.27040553542032,7852.35634610123,97.11517870504321
7943.282347243334,73.17192391701161,7943.282347243334,97.03447733905938
8035.261221856698,73.0734082489784,8035.261221856698,96.95467130118975
8128.305161641525,72.97485928369807,8128.305161641525,96.87575124758771
8222.42649947125,72.87627775737741,8222.42649947125,96.79770791264065
8317.637711027255,72.77766439032673,8317.637711027255,96.72053211138646
8413.951416452503,72.67901988752638,8413.951416452503,96.64421473068815
8511.380382024323,72.58034493864743,8511.380382024323,96.56874673741181
8609.937521846572,72.48164021855131,8609.937521846572,96.49411917660915
8709.635899561379,72.38290638761406,8709.635899561379,96.42032316343067
8810.48873008072,72.28414409187022,8810.48873008072,96.34734989539119
8912.509381338043,72.1853539633416,8912.509381338043,96.27519064782861
9015.711376060164,72.08653662051259,9015.711376060164,96.20383676577903
9120.1083935597,71.98769266827047,9120.1083935597,96.13327967955321
9225.714271548242,71.88882269850001,9225.714271548242,96.0635108901925
9332.543007970529,71.78992729022788,9332.543007970529,95.99452197453051
9440.60876285986,71.69100700983887,9440.60876285986,95.92630458716027
9549.925860214993,71.59206241131784,9549.925860214993,95.8588504617194
9660.508789898775,71.49309403683337,9660.508789898775,95.79215139684142
9772.372209558756,71.39410241640637,9772.372209558756,95.72619927907795
9885.530946570047,71.2950880686852,9885.530946570047,95.66098606143065
10000.00000000067,71.19605150084826,10000.00000000067,95.59650377753107
10115.79454259966,71.09699320912884,10115.79454259966,95.53274452908629
10232.92992280822,70.99791367879865,10232.92992280822,95.46970049542549
10351.42166679413,70.89881338445142,10351.42166679413,95.40736393267419
10471.2854805097,70.79969279036517,10471.2854805097,95.34572716391028
10592.5372517736,70.7005523506192,10592.5372517736,95.28478258771935
10715.19305237678,70.6013925092127,10715.19305237678,95.22452267878032
10839.26914021276,70.50221370047277,10839.26914021276,95.16493998026198
10964.78196143259,70.40301634908431,10964.78196143259,95.1060271118569
11091.74815262476,70.30380087052856,11091.74815262476,95.04777675568137
11220.18454302039,70.2045676709149,11220.18454302039,94.99018167719272
11350.10815672391,70.10531714756462,11350.10815672391,94.93323470383758
11481.5362149696,70.00604968899184,11481.5362149696,94.87692873491018
11614.48613840421,69.90676567502305,11614.48613840421,94.82125674420108
11748.97554939609,69.80746547727476,11748.97554939609,94.76621176755725
11885.02227437099,69.70814945893228,11885.02227437099,94.71178691899509
12022.64434617494,69.6088179753076,12022.64434617494,94.65797537179904
12161.8600064645,69.50947137376816,12161.8600064645,94.60477037312533
12302.68770812465,69.41010999397795,12302.68770812465,94.55216523766745
12445.1461177147,69.31073416803818,12445.1461177147,94.50015334749048
12589.25411794253,69.21134422083992,12589.25411794253,94.4487281455187
12735.03081016748,69.11194046981998,12735.03081016748,94.39788315069549
12882.49551693222,69.0125232255325,12882.49551693222,94.34761194076005
13031.66778452388,68.91309279163653,13031.66778452388,94.2979081586444
13182.56738556497,68.81364946492701,13182.56738556497,94.2487655167224
13335.21432163415,68.71419353562374,13335.21432163415,94.20017778975716
13489.62882591746,68.61472528750735,13489.62882591746,94.15213881658816
13645.83136589018,68.51524499808957,13645.83136589018,94.10464249592231
13803.84264602979,68.41575293857689,13803.84264602979,94.05768279538772
13963.68361056033,68.31624937433064,13963.68361056033,94.01125373690883
14125.37544622851,68.21673456450989,14125.37544622851,93.96534941438928
14288.93958511201,68.11720876268247,14288.93958511201,93.91996397642656
14454.39770746027,68.0176722167292,14454.39770746027,93.87509163363943
14621.77174456819,67.91812516898391,14621.77174456819,93.83072665646696
14791.08388168309,67.81856785629232,14791.08388168309,93.7868633782511
14962.35656094536,67.71900051032523,14962.35656094536,93.74349618785739
15135.61248436312,67.61942335751259,15135.61248436312,93.70061953501154
15310.87461682136,67.51983661915442,15310.87461682136,93.65822792949801
15488.16618912588,67.42024051171791,15488.16618912588,93.61631593504521
15667.51070108257,67.32063524676413,15667.51070108257,93.57487817477879
15848.93192461223,67.22102103106079,15848.93192461223,93.53390933034757
16032.45390690152,67.12139806682541,16032.45390690152,93.49340413656547
16218.10097359042,67.02176655171914,16218.10097359042,93.45335738646615
16405.89773199653,66.92212667897407,16405.89773199653,93.41376392521759
16595.86907437676,66.82247863744911,16595.86907437676,93.37461865895177
16788.04018122677,66.7228226117889,16788.04018122677,93.33591654106988
16982.43652461862,66.6231587825354,16982.43652461862,93.29765258274058
17179.08387157708,66.52348732608756,17179.08387157708,93.25982184917594
17378.00828749497,66.42380841492853,17378.00828749497,93.22241945607456
17579.23613958815,66.32412221773188,17579.23613958815,93.18544057208781
17782.79410039047,66.22442889925517,17782.79410039047,93.14888041817717
17988.70915128914,66.12472862063123,17988.70915128914,93.11273426753884
18197.00858610111,66.0250215393454,18197.00858610111,93.07699744296279
18407.72001469085,65.92530780932924,18407.72001469085,93.04166531766899
18620.87136662998,65.82558758111767,18620.87136662998,93.00673331474427
18836.49089489933,65.7258610017581,18836.49089489933,92.97219690718778
19054.60717963381,65.62612821507516,19054.60717963381,92.93805161666715
19275.24913191072,65.52638936154693,19275.24913191072,92.90429301634578
19498.44599758183,65.42664457860538,19498.44599758183,92.87091672106304
19724.22736114993,65.32689400055983,19724.22736114993,92.8379183964901
19952.62314969021,65.22713775859914,19952.62314969021,92.80529375855888
20183.66363681704,65.12737598102257,20183.66363681704,92.77303856655281
20417.37944669674,65.02760879332459,20417.37944669674,92.74114862248386
20653.80155810676,64.92783631805098,20653.80155810676,92.70961977952257
20892.96130854188,64.82805867495659,20892.96130854188,92.67844793596257
21134.89039836797,64.72827598121737,21134.89039836797,92.64762903115498
21379.62089502384,64.62848835126118,21379.62089502384,92.61715905177287
21627.18523727174,64.52869589703168,21627.18523727174,92.58703402563278
21877.61623949709,64.42889872780778,21877.61623949709,92.55725002777302
22130.94709605796,64.32909695053044,22130.94709605796,92.52780317297025
22387.21138568499,64.22929066965584,22387.21138568499,92.49868962032191
22646.44307593221,64.12947998729182,22646.44307593221,92.46990557005414
22908.67652767937,64.02966500330717,22908.67652767937,92.44144726267423
23173.94649968644,63.92984581518598,23173.94649968644,92.41331098431706
23442.2881532009,63.83002251830185,23442.2881532009,92.38549305771411
23713.73705661825,63.73019520587049,23713.73705661825,92.35798984685159
23988.32919019663,63.63036396893385,23988.32919019663,92.33079775801765
24266.1009508259,63.530528896573,24266.1009508259,92.30391323350554
24547.08915685207,63.43069007573941,24547.08915685207,92.27733275871087
24831.33105295749,63.33084759153287,24831.33105295749,92.25105285319974
25118.86431509761,63.23100152704205,25118.86431509761,92.22507007957321
25409.72705549488,63.13115196354659,25409.72705549488,92.19938103327357
25703.95782769049,63.03129898042443,25703.95782769049,92.17398235202906
26001.5956316546,62.93144265530464,26001.5956316546,92.14887070752899
26302.67991895572,62.83158306398688,26302.67991895572,92.12404281018628
26607.25059799002,62.73172028063839,26607.25059799002,92.09949540597438
26915.34803927111,62.631854377717,26915.34803927111,92.07522527564878
27227.0130807811,62.53198542602401,27227.0130807811,92.05122923729981
27542.28703338366,62.43211349481542,27542.28703338366,92.02750414209852
27861.21168629972,62.33223865166153,27861.21168629972,92.00404687855375
28183.82931264658,62.23236096272294,28183.82931264658,91.98085436847801
28510.18267504116,62.13248049259066,28510.18267504116,91.95792356696941
28840.31503126816,62.03259730440386,28840.31503126816,91.93525146463078
29174.27014001379,61.93271145996073,29174.27014001379,91.9128350808391
29512.09226666601,61.83282301946211,29512.09226666601,91.89067147560827
29853.82618918177,61.73293204192707,29853.82618918177,91.8687577349569
30199.51720402237,61.63303858495145,30199.51720402237,91.84709097955515
30549.21113215736,61.53314270487398,30549.21113215736,91.82566836181294
30902.95432513817,61.433244456709,30902.95432513817,91.80448706567684
31260.79367124184,61.33334389420855,31260.79367124184,91.7835443071185
31622.77660168611,61.23344107003045,31622.77660168611,91.76283732973826
31988.95109691632,61.13353603544666,31988.95109691632,91.74236341241017
32359.3656929652,61.03362884072139,32359.3656929652,91.72211986124657
32734.06948788622,60.93371953490127,32734.06948788622,91.7021040122485
33113.11214826154,60.83380816597247,33113.11214826154,91.68231323149027
33496.54391578523,60.73389478077808,33496.54391578523,91.66274491422051
33884.41561392275,60.63397942512712,33884.41561392275,91.64339648467444
34276.77865464756,60.53406214378025,34276.77865464756,91.62426539557268
34673.68504525572,60.43414298049832,34673.68504525572,91.60534912751496
35075.18739525939,60.33422197804897,35075.18739525939,91.58664518856853
35481.33892336016,60.23429917818569,35481.33892336016,91.5681511163274
35892.19346450317,60.13437462177313,35892.19346450317,91.549864473559
36307.80547701281,60.03444834871829,36307.80547701281,91.53178285140791
36728.23004981118,59.93452039801422,36728.23004981118,91.51390386634249
37153.52290972,59.83459080778178,37153.52290972,91.49622516328486
37583.7404288472,59.73465961526464,37583.7404288472,91.47874441149099
38018.93963205893,59.63472685690682,38018.93963205893,91.46145930556411
38459.1782045382,59.53479256824735,38459.1782045382,91.44436756793237
38904.51449943094,59.43485678409688,38904.51449943094,91.42746694368863
39355.00754558066,59.33491953841881,39355.00754558066,91.41075520485359
39810.71705535267,59.23498086441099,39810.71705535267,91.39423014725384
40271.70343254889,59.1350407945351,40271.70343254889,91.37788959087919
40738.0277804143,59.03509936054252,40738.0277804143,91.36173137990922
41209.75190973609,58.93515659336617,41209.75190973609,91.34575338332307
41686.93834703664,58.83521252337306,41686.93834703664,91.32995349199388
42169.65034286137,58.73526718012406,42169.65034286137,91.31432962109703
42657.95188016244,58.63532059255093,42657.95188016244,91.29887970871515
43151.90768277974,58.53537278894149,43151.90768277974,91.28360171560172
43651.58322401986,58.43542379693984,43651.58322401986,91.26849362501015
44157.04473533455,58.33547364350454,44157.04473533455,91.25355344257424
44668.35921509966,58.23552235506818,44668.35921509966,91.23877919586366
45185.59443749562,58.13556995739439,45185.59443749562,91.22416893412623
45708.81896149094,58.0356164757121,45708.81896149094,91.2097207273838
46238.10213992951,57.93566193464695,46238.10213992951,91.19543266788008
46773.51412872334,57.83570635824358,46773.51412872334,91.18130286877421
47315.12589615161,57.73574977004269,47315.12589615161,91.1673294635258
47863.00923226745,57.63579219304225,47863.00923226745,91.1535106063503
48417.23675841359,57.5358336496892,48417.23675841359,91.13984447166315
48977.88193684832,57.43587416194696,48977.88193684832,91.12632925414334
49545.01908048277,57.33591375125361,49545.01908048277,91.11296316809522
50118.72336273103,57.23595243858797,50118.72336273103,91.09974444678261
50699.07082747428,57.13599024446119,50699.07082747428,91.08667134354333
51286.13839914038,57.03602718885686,51286.13839914038,91.07374213153312
51880.00389290005,56.93606329134832,51880.00389290005,91.06095510152586
52480.74602498125,56.83609857108846,52480.74602498125,91.0483085625124
53088.44442310288,56.73613304671964,53088.44442310288,91.03580084413345
53703.17963702937,56.63616673653893,53703.17963702937,91.02343029242404
54325.03314924747,56.53619965834291,54325.03314924747,91.01119527257546
54954.08738576665,56.43623182962401,54954.08738576665,90.99909416575377
55590.42572704461,56.3362632674131,55590.42572704461,90.98712537298529
56234.13251903922,56.23629398831955,56234.13251903922,90.97528731186952
56885.2930843885,56.1363240086736,56885.2930843885,90.96357841621783
57543.9937337201,56.03635334436593,57543.9937337201,90.95199713810112
58210.32177709161,55.93638201088672,58210.32177709161,90.94054194663083
58884.36553556342,55.83641002348104,58884.36553556342,90.92921132588506
59566.21435290563,55.73643739697411,59566.21435290563,90.91800377741636
60255.95860744041,55.63646414585362,60255.95860744041,90.90691781892815
60953.68972402161,55.53649028428671,60953.68972402161,90.89595198500548
61659.50018615297,55.4365158261413,61659.50018615297,90.88510482378676
62373.48354824674,55.33654078494227,62373.48354824674,90.87437490083335
63095.7344480242,55.23656517391612,63095.7344480242,90.86376079665317
63826.34861905981,55.1365890059651,63826.34861905981,90.85326110715671
64565.42290347055,55.0366122937744,64565.42290347055,90.84287444263282
65313.05526475229,54.9366350496101,65313.05526475229,90.83259942982011
66069.34480076472,54.83665728555989,66069.34480076472,90.8224347085801
66834.39175686665,54.73667901341152,66834.39175686665,90.81237893399515
67608.29753920343,54.63670024466304,67608.29753920343,90.80243077562523
68391.16472814824,54.53672099058479,68391.16472814824,90.79258891652508
69183.09709189902,54.43674126214229,69183.09709189902,90.78285205474245
69984.19960023279,54.33676107010235,69984.19960023279,90.7732189016149
70794.57843841931,54.23678042496353,70794.57843841931,90.76368818175654
71614.3410212958,54.13679933695559,71614.3410212958,90.75425863454241
72443.59600750468,54.03681781611071,72443.59600750468,90.74492901158138
73282.45331389614,53.93683587225391,73282.45331389614,90.73569807767271
74131.02413009756,53.83685351489155,74131.02413009756,90.72656461168869
74989.42093325146,53.73687075343756,74989.42093325146,90.71752740373022
75857.75750292433,53.63688759697213,75857.75750292433,90.70858525851438
76736.14893618792,53.53690405445145,76736.14893618792,90.69973699149998
77624.71166287527,53.43692013459836,77624.71166287527,90.6909814318159
78523.56346101336,53.33693584593323,78523.56346101336,90.68231742021968
79432.82347243441,53.23695119675497,79432.82347243441,90.67374380989153
80352.61221856806,53.13696619524863,80352.61221856806,90.66525946512277
81283.05161641634,53.03698084930695,81283.05161641634,90.65686326321001
82224.26499471361,52.93699516673839,82224.26499471361,90.6485540924328
83176.37711027368,52.83700915511783,83176.37711027368,90.64033085229903
84139.51416452618,52.73702282184559,84139.51416452618,90.63219245449847
85113.8038202444,52.63703617418427,85113.8038202444,90.62413782098767
86099.3752184669,52.5370492192162,86099.3752184669,90.61616588530778
87096.35899561498,52.43706196385354,87096.35899561498,90.60827559180986
88104.8873008084,52.33707441481102,88104.8873008084,90.60046589610697
89125.09381338164,52.23708657872456,89125.09381338164,90.59273576348082
90157.11376060286,52.13709846205299,90157.11376060286,90.58508417047169
91201.08393559825,52.03711007104851,91201.08393559825,90.57751010380662
92257.14271548367,51.93712141190187,92257.14271548367,90.57001256043505
93325.43007970655,51.83713249064348,93325.43007970655,90.56259054719327
94406.08762859988,51.73714331306442,94406.08762859988,90.55524308172612
95499.25860215124,51.63715388499872,95499.25860215124,90.54796919015156
96605.08789898908,51.53716421197765,96605.08789898908,90.54076790971165
97723.72209558891,51.43717429949852,97723.72209558891,90.5336382863487
98855.30946570182,51.33718415292221,98855.30946570182,90.52657937580385
100000.000000008,51.2371937774643,100000.000000008,90.51959024302897
101157.945425998,51.13720317820044,101157.945425998,90.51266996255156
102329.2992280836,51.037212360143,102329.2992280836,90.50581761767613
103514.2166679427,50.93722132816363,103514.2166679427,90.49903230057544
104712.8548050984,50.83723008700622,104712.8548050984,90.49231311255133
105925.3725177374,50.73723864130733,105925.3725177374,90.48565916373303
107151.9305237693,50.63724699557945,107151.9305237693,90.47906957266247
108392.6914021291,50.53725515428902,108392.6914021291,90.47254346646123
109647.8196143274,50.43726312178045,109647.8196143274,90.46607998008324
110917.4815262491,50.337270902221,110917.4815262491,90.4596782581491
112201.8454302054,50.23727849975218,112201.8454302054,90.45333745214872
113501.0815672407,50.13728591841126,113501.0815672407,90.44705672226425
114815.3621496976,50.03729316212276,114815.3621496976,90.44083523638223
116144.8613840437,49.93730023475007,116144.8613840437,90.4346721702273
117489.7554939625,49.83730714000754,117489.7554939625,90.42856670754033
118850.2227437115,49.73731388158501,118850.2227437115,90.422518039248
120226.4434617511,49.63732046303534,120226.4434617511,90.41652536409552
121618.6000646467,49.53732688785038,121618.6000646467,90.41058788830966
123026.8770812482,49.43733315944634,123026.8770812482,90.40470482508302
124451.4611771487,49.33733928114169,124451.4611771487,90.39887539496688
125892.541179427,49.23734525618524,125892.541179427,90.39309882568332
127350.3081016766,49.13735108774151,127350.3081016766,90.38737435197261
128824.9551693239,49.03735677889109,128824.9551693239,90.38170121526338
130316.6778452406,48.93736233267,130316.6778452406,90.37607866408624
131825.6738556515,48.83736775202587,131825.6738556515,90.37050595320544
133352.1432163433,48.73737303980239,133352.1432163433,90.36498234461142
134896.2882591764,48.63737819880828,134896.2882591764,90.3595071063862
136458.3136589036,48.53738323183674,136458.3136589036,90.35407951266487
138038.4264602998,48.43738814147132,138038.4264602998,90.34869884490429
139636.8361056052,48.33739293037276,139636.8361056052,90.34336438968056
141253.754462287,48.2373976010395,141253.754462287,90.33807544056242
142889.395851122,48.13740215598634,142889.395851122,90.33283129647437
144543.9770746047,48.0374065975999,144543.9770746047,90.32763126271367
146217.7174456839,47.93741092825655,146217.7174456839,90.32247465003471
147910.838816833,47.8374151502212,147910.838816833,90.31736077547107
149623.5656094557,47.73741926577672,149623.5656094557,90.31228896112638
151356.1248436333,47.63742327707107,151356.1248436333,90.3072585351083
153108.7461682157,47.53742718624514,153108.7461682157,90.30226883097397
154881.6618912609,47.43743099532076,154881.6618912609,90.29731918743168
156675.1070108279,47.33743470641019,156675.1070108279,90.29240894838348
158489.3192461245,47.23743832142738,158489.3192461245,90.28753746342409
160324.5390690175,47.13744184228162,160324.5390690175,90.28270408694611
162181.0097359065,47.03744527086357,162181.0097359065,90.2779081786119
164058.9773199676,46.93744860899459,164058.9773199676,90.27314910252707
165958.6907437699,46.83745185840727,165958.6907437699,90.26842622845555
167880.40181227,46.73745502084402,167880.40181227,90.26373893051658
169824.3652461886,46.63745809798974,169824.3652461886,90.25908658734943
171790.8387157731,46.53746109147269,171790.8387157731,90.25446858259434
173780.0828749521,46.43746400287385,173780.0828749521,90.24988430431995
175792.361395884,46.33746683376549,175792.361395884,90.24533314483219
177827.9410039072,46.23746958559341,177827.9410039072,90.24081450131159
179887.0915128939,46.13747225984334,179887.0915128939,90.23632777492972
181970.0858610136,46.0374748579584,181970.0858610136,90.2318723708814
184077.200146911,45.93747738129103,184077.200146911,90.22744769894818
186208.7136663024,45.83747983118734,186208.7136663024,90.22305317267633
188364.9089489959,45.73748220893577,188364.9089489959,90.21868820974471
190546.0717963408,45.63748451579646,190546.0717963408,90.21435223166151
192752.4913191098,45.53748675299698,192752.4913191098,90.21004466389888
194984.459975821,45.43748892171621,194984.459975821,90.20576493577364
197242.273611502,45.33749102313146,197242.273611502,90.20151247985703
199526.2314969048,45.23749305833489,199526.2314969048,90.19728673263101
201836.6363681731,45.13749502840778,201836.6363681731,90.19308713427212
204173.7944669702,45.03749693441733,204173.7944669702,90.18891312804956
206538.0155810704,44.93749877731983,206538.0155810704,90.18476416107379
208929.6130854216,44.83750055814946,208929.6130854216,90.18063968333399
211348.9039836826,44.73750227779774,211348.9039836826,90.17653914829856
213796.2089502414,44.63750393722096,213796.2089502414,90.17246201251584
216271.8523727204,44.53750553730005,216271.8523727204,90.1684077357348
218776.1623949739,44.43750707885342,218776.1623949739,90.16437578060184
221309.4709605826,44.33750856270915,221309.4709605826,90.16036561284609
223872.113856853,44.23750998967959,223872.113856853,90.15637670109248
226464.4307593252,44.1375113604851,226464.4307593252,90.15240851662888
229086.7652767968,44.03751267583311,229086.7652767968,90.14846053379614
231739.4649968676,43.9375139365127,231739.4649968676,90.14453222889861
234422.8815320122,43.83751514310077,234422.8815320122,90.1406230819554
237137.3705661858,43.73751629627645,237137.3705661858,90.13673257457251
239883.2919019696,43.63751739664301,239883.2919019696,90.13286019126119
242661.0095082623,43.53751844479126,242661.0095082623,90.12900541886228
245470.891568524,43.43751944127821,245470.891568524,90.12516774651426
248313.3105295783,43.33752038662321,248313.3105295783,90.12134666557947
251188.6431509795,43.23752128134267,251188.6431509795,90.11754166988393
254097.2705549523,43.13752212586908,254097.2705549523,90.11375225512916
257039.5782769084,43.03752292069987,257039.5782769084,90.10997791895718
260015.9563165495,42.93752366624596,260015.9563165495,90.10621816136835
263026.7991895608,42.83752436290493,263026.7991895608,90.1024724841066
266072.5059799038,42.73752501101185,266072.5059799038,90.09874039086353
269153.4803927147,42.63752561095793,269153.4803927147,90.09502138689071
272270.1308078146,42.53752616302859,272270.1308078146,90.09131497958849
275422.8703338403,42.43752666753791,275422.8703338403,90.08762067758066
278612.116863001,42.33752712473163,278612.116863001,90.08393799154622
281838.2931264697,42.23752753485294,281838.2931264697,90.08026643331942
285101.8267504155,42.13752789816481,285101.8267504155,90.07660551630637
288403.1503126855,42.03752821482144,288403.1503126855,90.07295475552576
291742.7014001419,41.937528484979,291742.7014001419,90.06931366718989
295120.9226666641,41.8375287087873,295120.9226666641,90.0656817688547
298538.2618918217,41.73752888642116,298538.2618918217,90.06205857903927
301995.1720402277,41.6375290179103,301995.1720402277,90.05844361787835
305492.1113215777,41.53752910335571,305492.1113215777,90.05483640622509
309029.5432513858,41.43752914280412,309029.5432513858,90.05123646612091
312607.9367124226,41.33752913623526,312607.9367124226,90.0476433206849
316227.7660168654,41.23752908369889,316227.7660168654,90.04405649357842
319889.5109691676,41.13752898516221,319889.5109691676,90.04047550966236
323593.6569296564,41.0375288405241,323593.6569296564,90.03689989452326
327340.6948788667,40.93752864976896,327340.6948788667,90.03332917421972
331131.1214826199,40.83752841275906,331131.1214826199,90.02976287574263
334965.4391578568,40.73752812940575,334965.4391578568,90.02620052649107
338844.156139232,40.63752779951578,338844.156139232,90.02264165454115
342767.7865464802,40.53752742294637,342767.7865464802,90.01908578825646
346736.8504525619,40.43752699947408,346736.8504525619,90.01553245668595
350751.8739525986,40.3375265289052,350751.8739525986,90.01198118881038
354813.3892336065,40.23752601097495,354813.3892336065,90.00843151425177
358921.9346450366,40.13752544541659,358921.9346450366,90.00488296276033
363078.0547701331,40.03752483189491,363078.0547701331,90.00133506414512
367282.3004981168,39.93752417015011,367282.3004981168,89.9977873483235
371535.2290972051,39.83752345980444,371535.2290972051,89.99423934525119
375837.4042884771,39.73752270048558,375837.4042884771,89.9906905850215
380189.3963205946,39.63752189174227,380189.3963205946,89.98714059738357
384591.7820453874,39.53752103322622,384591.7820453874,89.98358891214323
389045.1449943148,39.43752012444185,389045.1449943148,89.98003505872099
393550.0754558121,39.33751916490903,393550.0754558121,89.97647856629391
398107.1705535323,39.23751815412515,398107.1705535323,89.97291896385295
402717.0343254946,39.13751709157604,402717.0343254946,89.96935577974257
407380.2778041487,39.03751597667374,407380.2778041487,89.96578854206034
412097.5190973666,38.93751480883074,412097.5190973666,89.96221677828454
416869.3834703722,38.8375135874331,416869.3834703722,89.95864001524933
421696.5034286195,38.73751231187006,421696.5034286195,89.95505777913307
426579.5188016304,38.63751098140315,426579.5188016304,89.95146959563162
431519.0768278035,38.53750959538536,431519.0768278035,89.94787498933871
436515.8322402047,38.43750815307475,436515.8322402047,89.94427348417597
441570.4473533517,38.33750665367645,441570.4473533517,89.94066460322938
446683.5921510028,38.23750509645359,446683.5921510028,89.93704786839378
451855.9443749625,38.13750348053719,451855.9443749625,89.93342280077155
457088.1896149157,38.03750180507188,457088.1896149157,89.92978892033508
462381.0213993015,37.9375000691832,462381.0213993015,89.92614574575349
467735.1412872399,37.83749827196853,467735.1412872399,89.92249279464156
473151.2589615227,37.73749641250466,473151.2589615227,89.91882958314302
478630.0923226811,37.63749448974899,478630.0923226811,89.91515562626111
484172.3675841426,37.53749250271532,484172.3675841426,89.9114704375549
489778.81936849,37.43749045035666,489778.81936849,89.90777352898888
495450.1908048345,37.33748833157234,495450.1908048345,89.90406441114088
501187.2336273171,37.23748614526872,501187.2336273171,89.90034259281273
506990.7082747497,37.1374838902805,506990.7082747497,89.89660758134072
512861.3839914108,37.0374815653967,512861.3839914108,89.89285888218988
518800.0389290076,36.93747916943321,518800.0389290076,89.88909599905527
524807.4602498197,36.83747670109106,524807.4602498197,89.88531843387004
530884.444231036,36.73747415908758,530884.444231036,89.88152568647028
537031.7963703009,36.63747154206006,537031.7963703009,89.87771725488966
543250.331492482,36.53746884865774,543250.331492482,89.87389263491322
549540.873857674,36.43746607742687,549540.873857674,89.87005132040089
555904.2572704536,36.33746322693604,555904.2572704536,89.86619280285015
562341.3251903998,36.23746029563958,562341.3251903998,89.86231657169284
568852.9308438927,36.13745728204615,568852.9308438927,89.85842211378966
575439.9373372089,36.03745418451732,575439.9373372089,89.85450891384779
582103.217770924,35.93745100146052,582103.217770924,89.85057645394143
588843.6553556422,35.83744773115144,588843.6553556422,89.84662421384459
595662.1435290644,35.73744437190628,595662.1435290644,89.8426516704416
602559.5860744123,35.63744092193757,602559.5860744123,89.83865829821232
609536.8972402244,35.53743737944264,609536.8972402244,89.83464356874404
616595.001861538,35.43743374252907,616595.001861538,89.83060695092378
623734.8354824758,35.33743000929177,623734.8354824758,89.82654791076544
630957.3444802505,35.23742617777038,630957.3444802505,89.82246591128481
638263.4861906066,35.13742224592528,638263.4861906066,89.81836041251684
645654.2290347142,35.03741821170406,645654.2290347142,89.81423087148903
653130.5526475317,34.93741407295411,653130.5526475317,89.810076741994
660693.4480076561,34.8374098275594,660693.4480076561,89.80589747458279
668343.9175686755,34.73740547322485,668343.9175686755,89.80169251663327
676082.9753920434,34.63740100767324,676082.9753920434,89.79746131212728
683911.6472814917,34.53739642856798,683911.6472814917,89.79320330149723
691830.9709189996,34.43739173347826,691830.9709189996,89.78891792187072
699841.9960023374,34.33738691994747,699841.9960023374,89.78460460659316
707945.7843842027,34.23738198542637,707945.7843842027,89.7802627855055
716143.4102129675,34.13737692733185,716143.4102129675,89.77589188463638
724435.9600750564,34.03737174302461,724435.9600750564,89.77149132625419
732824.5331389712,33.93736642973183,732824.5331389712,89.76706052877827
741310.2413009854,33.8373609846898,741310.2413009854,89.76259890659175
749894.2093325246,33.73735540503222,749894.2093325246,89.75810587014524
758577.5750292534,33.63734968780955,758577.5750292534,89.75358082573958
767361.4893618894,33.53734383005132,767361.4893618894,89.74902317544864
776247.116628763,33.4373378286413,776247.116628763,89.74443231724086
785235.634610144,33.33733168043984,785235.634610144,89.73980764462857
794328.2347243546,33.23732538221381,794328.2347243546,89.73514854673068
803526.1221856913,33.1373189306826,803526.1221856913,89.73045440818909
812830.5161641742,33.03731232242883,812830.5161641742,89.72572460907722
822242.649947147,32.93730555401233,822242.649947147,89.72095852482201
831763.7711027478,32.83729862185747,831763.7711027478,89.71615552613191
841395.1416452728,32.7372915223177,841395.1416452728,89.71131497894963
851138.0382024552,32.63728425167997,851138.0382024552,89.70643624419297
860993.7521846803,32.53727680616728,860993.7521846803,89.70151867793356
870963.5899561613,32.43726918181243,870963.5899561613,89.69656163117433
881048.8730080958,32.33726137465683,881048.8730080958,89.69156444969947
891250.9381338282,32.23725338060377,891250.9381338282,89.68652647420279
901571.1376060406,32.13724519547357,901571.1376060406,89.68144703996596
912010.8393559945,32.03723681496528,912010.8393559945,89.67632547691694
922571.4271548489,31.93722823468439,922571.4271548489,89.67116110953525
933254.3007970778,31.83721945016701,933254.3007970778,89.66595325671051
944060.8762860112,31.73721045680487,944060.8762860112,89.66070123170286
954992.5860215249,31.63720124987066,954992.5860215249,89.65540434206059
966050.8789899034,31.53719182456841,966050.8789899034,89.65006188945061
977237.2209559018,31.4371821759657,977237.2209559018,89.64467316970894
988553.094657031,31.3371722990195,988553.094657031,89.63923747262831
1000000.000000093,31.23716218856442,1000000.000000093,89.6337540819034
1011579.454259993,31.13715183936228,1011579.454259993,89.62822227507121
1023292.99228085,31.03714124594248,1023292.99228085,89.62264132344909
1035142.166679441,30.93713040279921,1035142.166679441,89.61701049194798
1047128.548050997,30.83711930429513,1047128.548050997,89.61132903898817
1059253.725177388,30.73710794463366,1059253.725177388,89.60559621652371
1071519.305237707,30.63709631786904,1071519.305237707,89.59981126985889
1083926.914021305,30.53708441799844,1083926.914021305,89.59397343750057
1096478.196143288,30.43707223871422,1096478.196143288,89.5880819512641
1109174.815262505,30.33705977378024,1109174.815262505,89.58213603588295
1122018.454302069,30.23704701665632,1122018.454302069,89.5761349091771
1135010.815672422,30.13703396072614,1135010.815672422,89.57007778182677
1148153.621496991,30.03702059918375,1148153.621496991,89.5639638573012
1161448.613840452,29.93700692508125,1161448.613840452,89.55779233175917
1174897.55493964,29.83699293132105,1174897.55493964,89.55156239397159
1188502.22743713,29.73697861060752,1188502.22743713,89.54527322516262
1202264.434617526,29.63696395557006,1202264.434617526,89.53892399893215
1216186.000646483,29.53694895851331,1216186.000646483,89.53251388126193
1230268.770812498,29.4369336117317,1230268.770812498,89.52604203022555
1244514.611771503,29.33691790723001,1244514.611771503,89.5195075960217
1258925.411794286,29.23690183691616,1258925.411794286,89.51290972079001
1273503.081016782,29.13688539239924,1273503.081016782,89.50624753864808
1288249.551693256,29.03686856519446,1288249.551693256,89.49952017538536
1303166.778452423,28.9368513466167,1303166.778452423,89.49272674846289
1318256.738556532,28.836833727755,1318256.738556532,89.48586636695886
1333521.432163451,28.73681569948454,1333521.432163451,89.47893813135596
1348962.882591782,28.63679725251859,1348962.882591782,89.47194113349543
1364583.136589054,28.53677837731634,1364583.136589054,89.46487445644986
1380384.264603016,28.43675906416182,1380384.264603016,89.45773717443143
1396368.361056071,28.33673930305741,1396368.361056071,89.45052835263897
1412537.544622889,28.23671908389009,1412537.544622889,89.4432470471771
1428893.958511239,28.13669839615891,1428893.958511239,89.43589230497089
1445439.770746066,28.03667722932852,1445439.770746066,89.42846316356525
1462177.174456858,27.93665557242943,1462177.174456858,89.42095865116853
1479108.388168349,27.83663341433958,1479108.388168349,89.41337778631694
1496235.656094576,27.73661074373332,1496235.656094576,89.40571957794535
1513561.248436353,27.63658754894773,1513561.248436353,89.39798302521554
1531087.461682177,27.53656381808617,1531087.461682177,89.39016711736012
1548816.61891263,27.43653953899619,1548816.61891263,89.38227083360763
1566751.070108299,27.33651469926905,1566751.070108299,89.37429314302996
1584893.192461266,27.23648928616836,1584893.192461266,89.36623300447873
1603245.390690196,27.13646328671222,1603245.390690196,89.3580893664025
1621810.097359086,27.03643668767724,1621810.097359086,89.34986116674982
1640589.773199697,26.93640947542434,1640589.773199697,89.34154733287427
1659586.90743772,26.83638163609736,1659586.90743772,89.33314678137684
1678804.018122722,26.73635315552754,1678804.018122722,89.32465841798161
1698243.652461908,26.63632401922254,1698243.652461908,89.3160811374196
1717908.387157754,26.53629421237523,1717908.387157754,89.30741382332518
1737800.828749543,26.43626371983869,1737800.828749543,89.29865534809129
1757923.613958862,26.33623252613531,1757923.613958862,89.28980457273316
1778279.410039095,26.23620061546531,1778279.410039095,89.2808603467563
1798870.915128962,26.13616797167844,1798870.915128962,89.27182150807536
1819700.85861016,26.03613457822575,1819700.85861016,89.26268688283254
1840772.001469134,25.93610041826782,1840772.001469134,89.25345528529007
1862087.136663048,25.83606547456966,1862087.136663048,89.24412551768538
1883649.089489983,25.73602972947388,1883649.089489983,89.23469637014564
1905460.717963432,25.63599316499889,1905460.717963432,89.22516662048515
1927524.913191123,25.53595576274381,1927524.913191123,89.21553503411735
1949844.599758235,25.43591750392785,1949844.599758235,89.20580036391296
1972422.736115046,25.3358783693658,1972422.736115046,89.19596135006185
1995262.314969074,25.2358383393875,1995262.314969074,89.18601671996393
2018366.363681758,25.13579739401474,2018366.363681758,89.17596518802897
2041737.944669729,25.03575551272776,2041737.944669729,89.16580545561017
2065380.155810731,24.93571267464433,2065380.155810731,89.15553621081571
2089296.130854244,24.83566885840134,2089296.130854244,89.14515612839318
2113489.039836854,24.73562404216613,2113489.039836854,89.13466386960734
2137962.089502442,24.63557820366083,2137962.089502442,89.12405808207686
2162718.523727233,24.53553132012808,2162718.523727233,89.11333739961904
2187761.623949768,24.43548336833759,2187761.623949768,89.10250044214104
2213094.709605855,24.3354343245308,2213094.709605855,89.09154581548155
2238721.13856856,24.23538416446275,2238721.13856856,89.08047211127632
2264644.307593283,24.1353328633769,2264644.307593283,89.06927790680838
2290867.652767999,24.0352803959907,2290867.652767999,89.05796176487041
2317394.649968707,23.93522673651999,2317394.649968707,89.04652223360048
2344228.815320154,23.83517185858748,2344228.815320154,89.03495784638085
2371373.70566189,23.73511573529264,2371373.70566189,89.02326712162517
2398832.919019728,23.63505833916894,2398832.919019728,89.01144856272417
2426610.095082656,23.53499964216666,2426610.095082656,88.99950065778872
2454708.915685273,23.43493961564013,2454708.915685273,88.98742187960201
2483133.105295816,23.33487823039865,2483133.105295816,88.97521068540576
2511886.431509829,23.23481545660623,2511886.431509829,88.96286551677757
2540972.705549557,23.13475126379461,2540972.705549557,88.95038479949123
2570395.782769118,23.03468562093397,2570395.782769118,88.93776694334576
2600159.56316553,22.93461849629203,2600159.56316553,88.92501034202188
2630267.991895643,22.83454985750955,2630267.991895643,88.9121133729451
2660725.059799074,22.73447967157409,2660725.059799074,88.89907439708807
2691534.803927183,22.63440790478477,2691534.803927183,88.88589175891205
2722701.308078183,22.53433452278067,2722701.308078183,88.87256378610216
2754228.70333844,22.43425949045557,2754228.70333844,88.85908878948929
2786121.168630047,22.33418277205293,2786121.168630047,88.84546506289341
2818382.931264734,22.23410433106058,2818382.931264734,88.83169088291199
2851018.267504193,22.13402413027298,2851018.267504193,88.81776450884136
2884031.503126893,22.03394213168352,2884031.503126893,88.8036841824606
2917427.014001457,21.93385829659507,2917427.014001457,88.78944812794256
2951209.22666668,21.83377258544555,2951209.22666668,88.77505455162131
2985382.618918258,21.73368495801081,2985382.618918258,88.76050164187298
3019951.720402318,21.63359537315896,3019951.720402318,88.74578756900758
3054921.113215819,21.53350378905428,3054921.113215819,88.73091048501618
3090295.4325139,21.43341016297122,3090295.4325139,88.71586852347923
3126079.367124268,21.33331445139415,3126079.367124268,88.70065979939093
3162277.660168696,21.23321660990284,3162277.660168696,88.68528240902126
3198895.109691719,21.13311659327385,3198895.109691719,88.66973442972021
3235936.569296607,21.03301435541229,3235936.569296607,88.65401391981845
3273406.94878871,20.9329098493234,3273406.94878871,88.63811891838397
3311311.214826243,20.83280302708869,3311311.214826243,88.62204744512152
3349654.391578613,20.73269383993952,3349654.391578613,88.60579750023332
3388441.561392366,20.63258223812726,3388441.561392366,88.58936706418557
3427677.865464848,20.53246817096759,3427677.865464848,88.57275409763619
3467368.504525666,20.43235158691911,3467368.504525666,88.55595654119388
3507518.739526033,20.33223243331787,3507518.739526033,88.53897231531901
3548133.892336112,20.23211065664749,3548133.892336112,88.52179932010182
3589219.346450415,20.13198620239286,3589219.346450415,88.50443543518669
3630780.54770138,20.03185901493356,3630780.54770138,88.48687851954078
3672823.004981218,19.93172903775103,3672823.004981218,88.46912641126262
3715352.290972101,19.83159621325804,3715352.290972101,88.45117692754306
3758374.042884822,19.73146048277924,3758374.042884822,88.4330278644257
3801893.963205997,19.63132178664097,3801893.963205997,88.41467699657939
3845917.820453926,19.53118006405789,3845917.820453926,88.3961220772801
3890451.449943201,19.43103525316813,3890451.449943201,88.37736083811436
3935500.754558174,19.33088729106594,3935500.754558174,88.35839098890165
3981071.705535377,19.23073611363534,3981071.705535377,88.33921021749362
4027170.343255,19.13058165575539,4027170.343255,88.31981618960803
4073802.778041542,19.03042385106446,4073802.778041542,88.30020654867745
4120975.190973721,18.93026263209655,4120975.190973721,88.28037891565792
4168693.834703778,18.83009793029827,4168693.834703778,88.26033088891118
4216965.034286252,18.72992967576839,4216965.034286252,88.24006004395395
4265795.188016362,18.62975779758718,4265795.188016362,88.21956393338259
4315190.768278092,18.52958222354498,4315190.768278092,88.19884008667113
4365158.322402105,18.42940288025931,4365158.322402105,88.17788600996182
4415704.473533575,18.32921969311911,4415704.473533575,88.1566991859515
4466835.921510087,18.22903258627893,4466835.921510087,88.13527707364815
4518559.443749686,18.12884148260658,4518559.443749686,88.11361710832041
4570881.896149218,18.02864630380447,4570881.896149218,88.09171670122605
4623810.213993076,17.92844697023467,4623810.213993076,88.06957323940036
4677351.412872461,17.82824340096125,4677351.412872461,88.04718408564905
4731512.589615289,17.72803551385314,4731512.589615289,88.02454657818252
4786300.923226873,17.62782322538628,4786300.923226873,88.00165803054948
4841723.67584149,17.52760645079094,4841723.67584149,87.97851573146413
4897788.193684964,17.42738510390176,4897788.193684964,87.95511694454176
4954501.908048411,17.32715909731267,4954501.908048411,87.93145890821704
5011872.336273238,17.22692834219993,5011872.336273238,87.90753883547617
5069907.082747565,17.12669274849143,5069907.082747565,87.88335391375911
5128613.839914176,17.02645222459906,5128613.839914176,87.85890130464988
5188000.389290145,16.92620667775123,5188000.389290145,87.83417814385355
5248074.602498266,16.82595601364099,5248074.602498266,87.80918154086733
5308844.44231043,16.7257001366896,5308844.44231043,87.78390857882766
5370317.963703081,16.62543894990158,5370317.963703081,87.7583563143757
5432503.314924893,16.52517235486938,5432503.314924893,87.73252177734712
5495408.738576814,16.42490025177778,5495408.738576814,87.70640197069906
5559042.57270461,16.32462253943254,5559042.57270461,87.67999387024942
5623413.251904072,16.22433911521227,5623413.251904072,87.65329442441518
5688529.308439003,16.12404987506059,5688529.308439003,87.62630055414354
5754399.373372165,16.02375471352924,5754399.373372165,87.59900915254771
5821032.177709318,15.92345352369915,5821032.177709318,87.57141708485707
5888436.553556501,15.82314619726321,5888436.553556501,87.54352118804542
5956621.435290723,15.72283262443026,5956621.435290723,87.51531827068628
6025595.860744203,15.62251269403792,6025595.860744203,87.48680511276342
6095368.972402325,15.5221862934242,6095368.972402325,87.45797846541821
6165950.018615463,15.42185330850197,6165950.018615463,87.4288350506922
6237348.354824841,15.32151362374918,6237348.354824841,87.39937156126236
6309573.444802589,15.22116712217475,6309573.444802589,87.36958466034793
6382634.861906151,15.12081368541475,6382634.861906151,87.3394709813259
6456542.290347228,15.02045319351087,6456542.290347228,87.30902712751137
6531305.526475404,14.92008552524435,6531305.526475404,87.27824967195215
6606934.480076649,14.81971055780249,6606934.480076649,87.24713515714926
6683439.175686844,14.71932816702517,6683439.175686844,87.21568009476751
6760829.753920523,14.6189382273524,6760829.753920523,87.18388096547417
6839116.472815008,14.51854061161913,6839116.472815008,87.1517342184285
6918309.709190088,14.41813519138562,6918309.709190088,87.1192362712433
6998419.960023467,14.31772183678321,6998419.960023467,87.08638350968441
7079457.843842121,14.21730041641408,7079457.843842121,87.05317228716164
7161434.102129771,14.11687079759453,7161434.102129771,87.01959892465186
7244359.600750661,14.01643284615574,7244359.600750661,86.98565971027811
7328245.331389811,13.91598642657126,7328245.331389811,86.95135089906717
7413102.413009955,13.81553140190013,7413102.413009955,86.91666871255508
7498942.093325348,13.71506763384795,7498942.093325348,86.88160933846702
7585775.750292636,13.61459498273181,7585775.750292636,86.84616893044455
7673614.893618998,13.5141133074959,7673614.893618998,86.81034360759242
7762471.166287736,13.41362246578533,7762471.166287736,86.77412945426595
7852356.346101547,13.31312231385398,7852356.346101547,86.73752251948272
7943282.347243654,13.21261270668987,7943282.347243654,86.70051881678366
8035261.221857022,13.1120934979401,8035261.221857022,86.66311432368212
8128305.161641852,13.0115645399495,8128305.161641852,86.62530498129559
8222426.499471582,12.91102568378209,8222426.499471582,86.58708669396411
8317637.711027591,12.81047677930281,8317637.711027591,86.54845532880458
8413951.416452842,12.7099176750595,8413951.416452842,86.50940671530215
8511380.382024666,12.60934821838823,8511380.382024666,86.46993664480316
8609937.521846918,12.5087682554051,8609937.521846918,86.43004087000092
8709635.899561729,12.40817763108778,8709635.899561729,86.38971510467751
8810488.730081076,12.30757618921513,8810488.730081076,86.34895502298102
8912509.381338401,12.20696377240927,8912509.381338401,86.30775625895893
9015711.376060525,12.10634022212472,9015711.376060525,86.26611440605816
9120108.393560065,12.00570537877853,9120108.393560065,86.22402501659045
9225714.27154861,11.9050590816731,9225714.27154861,86.18148360120195
9332543.007970901,11.80440116906117,9332543.007970901,86.13848562817779
9440608.762860237,11.70373147810651,9440608.762860237,86.09502652290175
9549925.860215375,11.60304984503639,9549925.860215375,86.05110166722233
9660508.789899161,11.50235610501113,9660508.789899161,86.0067063988994
9772372.209559146,11.40165009230125,9772372.209559146,85.9618360106689
9885530.946570441,11.30093164013568,9885530.946570441,85.91648574990293
10000000.00000107,11.20020058096845,10000000.00000107,85.87065081767838
10115794.54260006,11.09945674622232,10115794.54260006,85.82432636801977
10232929.92280863,10.99869996651,10232929.92280863,85.77750750726054
10351421.66679454,10.89793007162462,10351421.66679454,85.73018929309671
10471285.48051011,10.79714689054364,10471285.48051011,85.68236673399296
10592537.25177402,10.69635025139713,10592537.25177402,85.63403478809776
10715193.05237721,10.59553998160936,10715193.05237721,85.58518836251356
10839269.14021319,10.49471590780394,10839269.14021319,85.53582231225846
10964781.96143302,10.39387785595074,10964781.96143302,85.48593143962476
11091748.1526252,10.29302565123987,11091748.1526252,85.43551049270228
11220184.54302084,10.19215911825775,11220184.54302084,85.38455416497801
11350108.15672437,10.09127808086994,11350108.15672437,85.33305709374436
11481536.21497006,9.99038236236286,11481536.21497006,85.2810138594442
11614486.13840467,9.889471785308109,11614486.13840467,85.22841898428624
11748975.54939656,9.788546171756071,11748975.54939656,85.17526693144002
11885022.27437146,9.687605343075472,11885022.27437146,85.12155210342958
12022644.34617542,9.586649120122599,12022644.34617542,85.06726884117566
12161860.00646499,9.48567732313602,12161860.00646499,85.01241142285723
12302687.70812514,9.384689771741375,12302687.70812514,84.95697406221609
12445146.11771519,9.283686285015161,12445146.11771519,84.90095090771101
12589254.11794303,9.182666681488369,12589254.11794303,84.84433604086279
12735030.81016799,9.08163077906271,12735030.81016799,84.7871234749002
12882495.51693273,8.980578395027884,12882495.51693273,84.72930715315283
13031667.7845244,8.879509346131552,13031667.7845244,84.67088094814207
13182567.38556549,8.778423448397803,13182567.38556549,84.61183865918254
13335214.32163468,8.677320517279801,13335214.32163468,84.55217401162392
13489628.82591799,8.576200367532442,13489628.82591799,84.49188065477098
13645831.36589072,8.475062813134057,13645831.36589072,84.43095216032674
13803842.64603034,8.373907667343744,13803842.64603034,84.36938202087188
13963683.61056089,8.272734742637871,13963683.61056089,84.30716364789883
14125375.44622907,8.171543850592982,14125375.44622907,84.24429037017605
14288939.58511258,8.070334801866807,14288939.58511258,84.18075543206916
14454397.70746084,7.969107406121239,14454397.70746084,84.11655199139564
14621771.74456877,7.867861471966233,14621771.74456877,84.05167311784551
14791083.88168368,7.766596806853218,14791083.88168368,83.98611179089485
14962356.56094596,7.665313216968705,14962356.56094596,83.9198608979014
15135612.48436373,7.564010507149721,15135612.48436373,83.85291323222526
15310874.61682197,7.462688480751691,15310874.61682197,83.78526149109564
15488166.1891265,7.361346939574377,15488166.1891265,83.71689827357466
15667510.7010832,7.259985683709114,15667510.7010832,83.64781607852909
15848931.92461286,7.158604511319622,15848931.92461286,83.57800730269807
16032453.90690216,7.057203218625232,16032453.90690216,83.50746423824894
16218100.97359107,6.955781599580607,16218100.97359107,83.4361790709425
16405897.73199718,6.854339445852967,16405897.73199718,83.36414387773813
16595869.07437742,6.75287654653887,16595869.07437742,83.29135062476851
16788040.18122744,6.651392687967968,16788040.18122744,83.21779116518022
16982436.5246193,6.54988765352988,16982436.5246193,83.14345723679519
17179083.87157776,6.448361223404769,17179083.87157776,83.06834046004111
17378008.28749566,6.346813174338054,17378008.28749566,82.99243233564856
17579236.13958885,6.245243279436989,17579236.13958885,82.91572424245113
17782794.10039118,6.143651307828312,17782794.10039118,82.83820743525619
17988709.15128985,6.04203702444789,17988709.15128985,82.75987304229926
18197008.58610183,5.940400189644558,18197008.58610183,82.68071206361948
18407720.01469158,5.838740559020343,18407720.01469158,82.60071536832551
18620871.36663072,5.737057882947827,18620871.36663072,82.51987369271515
18836490.89490007,5.635351906434907,18836490.89490007,82.43817763800786
19054607.17963456,5.533622368509258,19054607.17963456,82.35561766812047
19275249.13191148,5.431869002137351,19275249.13191148,82.2721841077302
19498445.9975826,5.330091533607591,19498445.9975826,82.18786713998125
19724227.36115071,5.228289682317189,19724227.36115071,82.10265680476381
19952623.149691,5.126463160197052,19952623.149691,82.016542996146
20183663.63681784,5.024611671493945,20183663.63681784,81.92951546096724
20417379.44669755,4.922734912153058,20417379.44669755,81.84156379634854
20653801.55810758,4.820832569379717,20653801.55810758,81.7526774483119
20892961.30854271,4.718904321356151,20892961.30854271,81.66284570957112
21134890.39836881,4.616949836555365,21134890.39836881,81.57205771794798
21379620.89502469,4.514968773338922,21379620.89502469,81.4803024543444
21627185.2372726,4.412960779477041,21627185.2372726,81.38756874142197
21877616.23949795,4.310925491528726,21877616.23949795,81.29384524176309
22130947.09605883,4.208862534472683,22130947.09605883,81.19912045654272
22387211.38568588,4.106771520988091,22387211.38568588,81.10338272359466
22646443.07593311,4.004652050993617,22646443.07593311,81.00662021659429
22908676.52768027,3.902503711079838,22908676.52768027,80.9088209431651
23173946.49968736,3.800326073892138,23173946.49968736,80.80997274412043
23442288.15320183,3.698118697559103,23442288.15320183,80.7100632917037
23713737.05661919,3.595881125042062,23713737.05661919,80.60908008954361
23988329.19019757,3.493612883647415,23988329.19019757,80.50701047021886
24266100.95082685,3.391313484202292,24266100.95082685,80.40384159547391
24547089.15685304,3.288982420570748,24547089.15685304,80.29956045491087
24831331.05295847,3.18661916898455,24831331.05295847,80.19415386530248
25118864.3150986,3.084223187320294,25118864.3150986,80.08760847013575
25409727.05549588,2.981793914493592,25409727.05549588,79.97991073870418
25703957.8276915,2.879330769735018,25703957.8276915,79.8710469659618
26001595.63165562,2.776833151990897,26001595.63165562,79.76100327207538
26302679.91895675,2.674300439087453,26302679.91895675,79.6497656022192
26607250.59799106,2.571731987194187,26607250.59799106,79.5373197261538
26915348.03927216,2.469127129977208,26915348.03927216,79.42365123850597
27227013.08078216,2.366485177973034,27227013.08078216,79.30874555868158
27542287.03338474,2.263805417814133,27542287.03338474,79.19258793094549
27861211.68630082,2.161087111520591,27861211.68630082,79.07516342478237
28183829.31264769,2.058329495733258,28183829.31264769,78.95645693515721
28510182.67504228,1.955531781019504,28510182.67504228,78.83645318295234
28840315.03126929,1.852693151092684,28840315.03126929,78.71513671572926
29174270.14001494,1.749812762027894,29174270.14001494,78.59249190793217
29512092.26666717,1.646889741525741,29512092.26666717,78.46850296239278
29853826.18918295,1.54392318820467,29853826.18918295,78.34315391035668
30199517.20402355,1.440912170630124,30199517.20402355,78.21642861332695
30549211.13215857,1.337855726816466,30549211.13215857,78.08831076294688
30902954.32513938,1.234752863184418,30902954.32513938,77.95878388389235
31260793.67124307,1.131602553858202,31260793.67124307,77.82783133335363
31622776.60168735,1.028403739944194,31622776.60168735,77.69543630409892
31988951.09691758,0.92515532861674,31988951.09691758,77.56158182444669
32359365.69296648,0.8218561923409859,32359365.69296648,77.4262507613078
32734069.48788751,0.7185051680542767,32734069.48788751,77.28942582084127
33113112.14826285,0.6151010563773998,33113112.14826285,77.15108955067888
33496543.91578655,0.5116426206816914,33496543.91578655,77.01122434224382
33884415.61392409,0.4081285863772319,33884415.61392409,76.86981243230095
34276778.65464891,0.3045576399720872,34276778.65464891,76.72683590535485
34673685.04525709,0.200928428306594,34673685.04525709,76.58227669604896
35075187.39526077,0.09723955757037965,35075187.39526077,76.43611659144294
35481338.92336157,-0.006510407441583032,35481338.92336157,76.28833723360876
35892193.46450459,-0.1103229442673309,35892193.46450459,76.13892012239526
36307805.47701425,-0.2141995736808846,36307805.47701425,75.9878466181127
36728230.04981263,-0.3181418605029648,36728230.04981263,75.83509794452287
37153522.90972147,-0.4221514146042016,37153522.90972147,75.68065519210543
37583740.42884868,-0.5262298917220023,37583740.42884868,75.52449932100284
38018939.63206044,-0.6303789944766086,38018939.63206044,75.36661116425044
38459178.20453973,-0.7346004731955487,38459178.20453973,75.20697143198768
38904514.49943249,-0.8388961269575906,38904514.49943249,75.04556071437415
39355007.54558223,-0.9432678044628774,39355007.54558223,74.88235948582218
39810717.05535426,-1.047717405017393,39810717.05535426,74.71734810886169
40271703.4325505,-1.152246879542482,40271703.4325505,74.55050683826576
40738027.78041591,-1.256858231517784,40738027.78041591,74.38181582560877
41209751.90973772,-1.361553517985563,41209751.90973772,74.21125512390969
41686938.3470383,-1.46633485055388,41686938.3470383,74.03880469158163
42169650.34286304,-1.571204396446278,42169650.34286304,73.86444439856548
42657951.88016414,-1.676164379478942,42657951.88016414,73.68815403042767
43151907.68278146,-1.78121708115529,43151907.68278146,73.50991329462782
43651583.22402159,-1.886364841703884,43651583.22402159,73.32970182508618
44157044.7353363,-1.991610061131415,44157044.7353363,73.14749918944673
44668359.21510143,-2.096955200325018,44668359.21510143,72.963284893721
45185594.43749741,-2.202402782153449,45185594.43749741,72.7770383898188
45708818.96149275,-2.307955392521189,45708818.96149275,72.58873908147022
46238102.13993134,-2.413615681560813,46238102.13993134,72.39836633177873
46773514.12872519,-2.519386364705413,46773514.12872519,72.20589946983431
47315125.89615349,-2.625270223837358,47315125.89615349,72.01131779865777
47863009.23226934,-2.731270108472418,47863009.23226934,71.81460060313194
48417236.75841551,-2.837388936875973,48417236.75841551,71.615727158322
48977881.93685026,-2.943629697303467,48977881.93685026,71.41467673786357
49545019.08048473,-3.049995449097451,49545019.08048473,71.21142862282068
50118723.362733,-3.156489323904126,50118723.362733,71.00596211139957
50699070.82747628,-3.263114526923799,50699070.82747628,70.79825652859293
51286138.3991424,-3.369874338046652,51286138.3991424,70.5882912367466
51880003.8929021,-3.476772113110819,51880003.8929021,70.37604564533375
52480746.02498332,-3.583811285061675,52480746.02498332,70.16149922286829
53088444.42310496,-3.690995365215862,53088444.42310496,69.94463150827625
53703179.63703147,-3.798327944441173,53703179.63703147,69.72542212320704
54325033.1492496,-3.905812694407279,54325033.1492496,69.5038507837984
54954087.38576881,-4.01345336877756,54954087.38576881,69.27989731493301
55590425.72704679,-4.121253804369013,55590425.72704679,69.05354166354948
56234132.51904142,-4.229217922426049,56234132.51904142,68.82476391253238
56885293.08439074,-4.337349729773099,56885293.08439074,68.59354429560736
57543993.73372237,-4.44565331999426,57543993.73372237,68.35986321393129
58210321.77709389,-4.554132874590247,58210321.77709389,68.12370125089627
58884365.53556573,-4.662792664105954,58884365.53556573,67.88503918933137
59566214.35290796,-4.771637049272038,59566214.35290796,67.64385802947214
60255958.60744277,-4.880670482129419,60255958.60744277,67.40013900666318
60953689.724024,-4.989897506971383,60953689.724024,67.15386361000789
61659500.18615539,-5.099322761556313,61659500.18615539,66.905013602773
62373483.54824918,-5.208950977869887,62373483.54824918,66.65357104222944
63095734.44802666,-5.318786983334276,63095734.44802666,66.39951830106638
63826348.6190623,-5.42883570147548,63826348.6190623,66.14283808911844
64565422.90347307,-5.5391021529364,64565422.90347307,65.88351347648845
65313055.26475485,-5.649591456157581,65313055.26475485,65.62152791698001
66069344.8007673,-5.760308828176167,66069344.8007673,65.35686527289803
66834391.75686926,-5.871259585225622,66834391.75686926,65.08950984019837
67608297.53920607,-5.982449143342005,67608297.53920607,64.81944637476556
68391164.72815092,-6.093883018861378,68391164.72815092,64.54666011967608
69183097.09190173,-6.205566828806744,69183097.09190173,64.27113683369053
69984199.60023554,-6.317506291171267,69984199.60023554,63.99286281970539
70794578.43842208,-6.42970722516464,70794578.43842208,63.71182495526607
71614341.0212986,-6.542175551210478,71614341.0212986,63.42801072296315
72443596.0075075,-6.654917291043882,72443596.0075075,63.14140824334155
73282453.31389901,-6.767938567367707,73282453.31389901,62.85200630709631
74131024.13010046,-6.881245603627846,74131024.13010046,62.55979440894459
74989420.93325439,-6.994844723573898,74989420.93325439,62.2647627831861
75857757.50292729,-7.108742350504309,75857757.50292729,61.9669024392195
76736148.93619092,-7.222945006585731,76736148.93619092,61.6662051978563
77624711.6628783,-7.337459311794757,77624711.6628783,61.36266373036955
78523563.46101642,-7.452291982726406,78523563.46101642,61.05627159631999
79432823.4724375,-7.567449831278194,79432823.4724375,60.74702328393444
80352612.21857119,-7.682939762892625,80352612.21857119,60.43491425046486
81283051.61641949,-7.798768774902477,81283051.61641949,60.11994096399317
82224264.99471679,-7.914943954294838,82224264.99471679,59.80210094614692
83176377.11027689,-8.03147247539197,83176377.11027689,59.48139281470998
84139514.16452941,-8.148361597337384,84139514.16452941,59.15781632922416
85113803.82024767,-8.265618661072267,85113803.82024767,58.83137243481882
86099375.2184702,-8.383251086229432,86099375.2184702,58.50206330872172
87096358.99561833,-8.5012663675678,87096358.99561833,58.16989240602958
88104887.3008118,-8.619672071197639,88104887.3008118,57.83486450784674
89125093.81338507,-8.738475830385779,89125093.81338507,57.49698576819397
90157113.76060633,-8.857685340990848,90157113.76060633,57.15626376237736
91201083.93560176,-8.977308356709173,91201083.93560176,56.81270753639097
92257142.71548723,-9.097352683568186,92257142.71548723,56.46632765447823
93325430.07971014,-9.217826174528106,93325430.07971014,56.11713625044915
94406087.6286035,-9.33873672318952,94406087.6286035,55.76514707525475
95499258.6021549,-9.460092257434422,95499258.6021549,55.41037554797066
96605087.89899278,-9.581900732342136,96605087.89899278,55.05283880407597
97723722.09559265,-9.704170122923053,97723722.09559265,54.69255574624707
98855309.4657056,-9.826908416237979,98855309.4657056,54.32954709258379
100000000.0000119,-9.950123603005615,100000000.0000119,53.96383542482766
101157945.4260019,-10.07382366883658,101157945.4260019,53.59544523772826
102329299.2280876,-10.19801658488155,102329299.2280876,53.22440298500456
103514216.6679467,-10.3227102980704,103514216.6679467,52.85073712707663
104712854.8051024,-10.44791272064133,104712854.8051024,52.47447817527576
105925372.5177415,-10.57363171941074,105925372.5177415,52.09565873677773
107151930.5237734,-10.69987510426305,107151930.5237734,51.71431355722914
108392691.4021333,-10.82665061627845,108392691.4021333,51.33047956194645
109647819.6143316,-10.95396591516868,109647819.6143316,50.94419589372509
110917481.5262534,-11.08182856631447,110917481.5262534,50.55550395282293
112201845.4302098,-11.21024602713109,112201845.4302098,50.16444742866138
113501081.5672451,-11.33922563299983,113501081.5672451,49.77107233508494
114815362.149702,-11.4687745824744,114815362.149702,49.37542703747334
116144861.3840482,-11.59889992218129,116144861.3840482,48.97756228116044
117489755.493967,-11.72960853102195,117489755.493967,48.57753121387375
118850222.7437161,-11.86090710384743,118850222.7437161,48.17538940560753
120226443.4617557,-11.99280213475111,120226443.4617557,47.77119486538189
121618600.0646514,-12.12529989965591,121618600.0646514,47.36500805208473
123026877.0812529,-12.25840643864372,123026877.0812529,46.95689188316832
124451461.1771535,-12.39212753765112,124451461.1771535,46.54691173736182
125892541.1794318,-12.52646870969463,125892541.1794318,46.13513545242296
127350308.1016815,-12.6614351759118,127350308.1016815,45.72163331883714
128824955.1693289,-12.79703184591602,128824955.1693289,45.30647806713701
130316677.8452456,-12.93326329797423,130316677.8452456,44.88974485046084
131825673.8556566,-13.07013375875525,131825673.8556566,44.47151121812603
133352143.2163485,-13.20764708292983,133352143.2163485,44.05185708890815
134896288.2591816,-13.34580673234407,134896288.2591816,43.63086471141392
136458313.6589089,-13.48461575506411,136458313.6589089,43.20861862105922
138038426.4603051,-13.62407676432867,138038426.4603051,42.78520558985559
139636836.1056106,-13.764191917328,139636836.1056106,42.3607145692528
141253754.4622925,-13.90496289386556,141253754.4622925,41.93523662270698
142889395.8511276,-14.0463908751565,142889395.8511276,41.50886485360042
144543977.0746102,-14.18847652272812,144543977.0746102,41.08169432646451
146217717.4456895,-14.33121995715626,146217717.4456895,40.65382197405286
147910838.8168387,-14.47462073735951,147910838.8168387,40.22534650163073
149623565.6094615,-14.61867784009334,149623565.6094615,39.79636828381542
151356124.8436392,-14.76338963953974,151356124.8436392,39.36698924713686
153108746.1682216,-14.90875388764588,153108746.1682216,38.93731274873125
154881661.8912669,-15.05476769484288,154881661.8912669,38.50744344563135
156675107.0108339,-15.20142751131087,156675107.0108339,38.07748715446508
158489319.2461306,-15.34872910900169,158489319.2461306,37.64755070231745
160324539.0690236,-15.49666756437141,160324539.0690236,37.21774177052181
162181009.7359127,-15.64523724209112,162181009.7359127,36.78816872867569
164058977.3199739,-15.79443177957812,164058977.3199739,36.35894045981645
165958690.7437763,-15.94424407266404,165958690.7437763,35.93016618001764
167880401.8122765,-16.09466626234349,167880401.8122765,35.5019552454499
169824365.2461951,-16.24568972290387,169824365.2461951,35.0744169555029
171790838.7157798,-16.39730505108891,171790838.7157798,34.64766034638464
173780082.8749588,-16.54950205720135,173780082.8749588,34.22179397754088
175792361.3958907,-16.7022697571974,175792361.3958907,33.79692571355102
177827941.003914,-16.85559636682375,177827941.003914,33.37316249339217
179887091.5129008,-17.00946929724904,179887091.5129008,32.95061010267307
181970085.8610206,-17.16387515265003,181970085.8610206,32.52937293186035
184077200.1469181,-17.31879972962744,184077200.1469181,32.10955373514516
186208713.6663095,-17.47422801858562,186208713.6663095,31.69125338171531
188364908.9490031,-17.63014420733814,188364908.9490031,31.27457060581543
190546071.7963481,-17.78653168676871,190546071.7963481,30.85960175208849
192752491.3191172,-17.94337305874525,192752491.3191172,30.44644051996653
194984459.9758284,-18.10065014636211,194984459.9758284,30.03517770650156
197242273.6115096,-18.2583440064779,197242273.6115096,29.62590094689245
199526231.4969124,-18.41643494479224,199526231.4969124,29.21869445993207
201836636.3681809,-18.57490253332558,201836636.3681809,28.81363878899952
204173794.466978,-18.73372563032308,204173794.466978,28.41081055121743
206538015.5810783,-18.89288240308302,206538015.5810783,28.01028218656214
208929613.0854296,-19.05235035249429,208929613.0854296,27.61212171117204
211348903.9836907,-19.2121063413407,211348903.9836907,27.21639248103408
213796208.9502495,-19.37212662408437,213796208.9502495,26.82315295806406
216271852.3727286,-19.53238687972821,216271852.3727286,26.43245648433019
218776162.3949822,-19.69286224712431,218776162.3949822,26.04435106867768
221309470.960591,-19.85352736281835,221309470.960591,25.65887918197397
223872113.8568615,-20.01435640095815,223872113.8568615,25.27607756507755
226464430.7593339,-20.17532311604041,226464430.7593339,24.89597704574174
229086765.2768055,-20.33640088755606,229086765.2768055,24.51860237870271
231739464.9968764,-20.49756276703934,231739464.9968764,24.14397209088081
234422881.5320211,-20.65878152667143,234422881.5320211,23.77209834966175
237137370.5661948,-20.8200297106185,237137370.5661948,23.40298684848373
239883291.9019787,-20.98127968727495,239883291.9019787,23.03663670756183
242661009.5082715,-21.14250370354481,242661009.5082715,22.67304039906454
245470891.5685334,-21.30367394039234,245470891.5685334,22.31218368831867
248313310.5295877,-21.46476256966417,248313310.5295877,21.9540456027735
251188643.1509891,-21.62574181187226,251188643.1509891,21.59859841662022
254097270.554962,-21.78658399476135,254097270.554962,21.24580766556962
257039578.2769182,-21.94726161220437,257039578.2769182,20.89563217929107
260015956.3165594,-22.1077473838593,260015956.3165594,20.54802414233808
263026799.1895708,-22.26801431434164,263026799.1895708,20.20292917682362
266072505.979914,-22.4280357525263,266072505.979914,19.86028645528843
269153480.392725,-22.58778545007214,269153480.392725,19.52002883029667
272270130.8078251,-22.74723761935536,272270130.8078251,19.18208299726029
275422870.3338509,-22.90636699034863,275422870.3338509,18.84636967551261
278612116.8630117,-23.06514886598297,278612116.8630117,18.51280381933204
281838293.1264805,-23.22355917603173,281838293.1264805,18.18129484808629
285101826.7504264,-23.38157452908277,285101826.7504264,17.85174690243059
288403150.3126965,-23.53917226233744,288403150.3126965,17.52405912254509
291742701.400153,-23.69633048874312,291742701.400153,17.19812594440786
295120922.6666754,-23.85302814215151,295120922.6666754,16.87383742263078
298538261.8918332,-24.00924501880084,298538261.8918332,16.55107956680396
301995172.0402393,-24.16496181597136,301995172.0402393,16.22973469527964
305492111.3215895,-24.32016016736457,305492111.3215895,15.90968180928971
309029543.2513977,-24.47482267531403,309029543.2513977,15.59079697745738
312607936.7124346,-24.62893293830759,312607936.7124346,15.27295373106367
316227766.0168775,-24.78247557594043,316227766.0168775,14.95602347663776
319889510.9691798,-24.93543624912785,319889510.9691798,14.63987591004662
323593656.9296688,-25.08780167651883,323593656.9296688,14.32437943963433
327340694.8788792,-25.2395596472158,327340694.8788792,14.00940161487564
331131121.4826326,-25.39069902866737,331131121.4826326,13.69480955659256
334965439.1578696,-25.54120977122057,334965439.1578696,13.38047038569469
338844156.139245,-25.69108290796235,338844156.139245,13.06625165397342
342767786.5464934,-25.84031055111696,342767786.5464934,12.75202176432946
346736850.4525751,-25.98888588408645,346736850.4525751,12.43765039393512
350751873.952612,-26.13680314954366,350751873.952612,12.12300890128005
354813389.23362,-26.28405763422485,354813389.23362,11.80797072772628
358921934.6450503,-26.43064564986103,358921934.6450503,11.49241178572104
363078054.770147,-26.5765645106197,363078054.770147,11.17621083529844
367282300.4981309,-26.7218125075343,367282300.4981309,10.85924984196585
371535229.0972193,-26.86638887982231,371535229.0972193,10.54141432572335
375837404.2884915,-27.01029378314483,375837404.2884915,10.22259368110197
380189396.3206092,-27.1535282558935,380189396.3206092,9.902681487628936
384591782.0454021,-27.29609418250042,384591782.0454021,9.581575798228107
389045144.9943298,-27.43799425521606,389045144.9943298,9.259179402715422
393550075.4558272,-27.57923193347453,393550075.4558272,8.935400075333686
398107170.5535476,-27.71981140240599,398107170.5535476,8.610150796679102
402717034.3255101,-27.85973752949149,402717034.3255101,8.283349953485869
407380277.8041644,-27.99901582040324,407380277.8041644,7.954921516305824
412097519.0973824,-28.13765237420272,412097519.0973824,7.624795196119479
416869383.4703882,-28.27565383772811,416869383.4703882,7.292906572224676
421696503.4286357,-28.41302735998205,421696503.4286357,6.959197206773859
426579518.8016468,-28.54978054631978,426579518.8016468,6.623614726729085
431519076.82782,-28.68592141270617,431519076.82782,6.286112892330472
436515832.2402214,-28.82145834097903,436515832.2402214,5.946651638830584
441570447.3533686,-28.95640003380166,441570447.3533686,5.605197098740512
446683592.1510199,-29.09075547117904,446683592.1510199,5.261721607618643
451855944.3749799,-29.2245338676639,451855944.3749799,4.916203685918767
457088189.6149332,-29.35774463062336,457088189.6149332,4.56862800154355
462381021.3993192,-29.49039731979543,462381021.3993192,4.218985322553562
467735141.2872578,-29.6225016085784,467735141.2872578,3.867272446176726
473151258.9615408,-29.75406724628056,473151258.9615408,3.513492113483048
478630092.3226994,-29.88510402240866,478630092.3226994,3.157652913081451
484172367.5841612,-30.01562173249261,484172367.5841612,2.799769167910756
489778819.3685088,-30.14563014582134,489778819.3685088,2.439860812276933
495450190.8048536,-30.27513897462648,495450190.8048536,2.077953254855209
501187233.6273364,-30.40415784582567,501187233.6273364,1.714077237588751
506990708.2747692,-30.5326962736949,506990708.2747692,1.348268674908371
512861383.9914305,-30.66076363528939,512861383.9914305,0.9805684949935833
518800038.9290276,-30.78836914715749,518800038.9290276,0.6110224712818851
524807460.2498398,-30.91552184459049,524807460.2498398,0.2396810438297975
530884444.2310564,-31.04223056200988,530884444.2310564,-0.1334008594714099
537031796.3703216,-31.16850391559494,537031796.3703216,-0.5081640098284023
543250331.4925029,-31.29435028794504,543250331.4925029,-0.8845450634662329
549540873.8576951,-31.41977781381747,549540873.8576951,-1.262476752347525
555904257.270475,-31.5447943682153,555904257.270475,-1.641888082064638
562341325.1904213,-31.66940755599565,562341325.1904213,-2.022704518581352
568852930.8439146,-31.79362470270564,568852930.8439146,-2.404848187112469
575439937.337231,-31.91745284746595,575439937.337231,-2.788238064849844
582103217.7709464,-32.04089873687078,582103217.7709464,-3.172790173828439
588843655.3556648,-32.16396882057222,588843655.3556648,-3.558417771815422
595662143.5290873,-32.28666924809745,595662143.5290873,-3.945031544307848
602559586.0744355,-32.40900586676447,602559586.0744355,-4.3325397897729
609536897.2402478,-32.53098422092941,609536897.2402478,-4.720848606694362
616595001.8615618,-32.65260955234666,616595001.8615618,-5.109862072129512
623734835.4824998,-32.77388680126224,623734835.4824998,-5.499482424097429
630957344.4802748,-32.89482060896613,630957344.4802748,-5.889610230865825
638263486.1906313,-33.01541532025975,638263486.1906313,-6.280144569250603
645654229.0347391,-33.13567498819519,645654229.0347391,-6.670983181605409
653130552.647557,-33.25560337779873,653130552.647557,-7.062022646329133
660693448.0076817,-33.37520397186692,660693448.0076817,-7.453158529906609
668343917.5687014,-33.49447997655317,668343917.5687014,-7.844285541876078
676082975.3920696,-33.61343432747931,676082975.3920696,-8.235297684027948
683911647.2815182,-33.7320696969233,683911647.2815182,-8.626088391592274
691830970.9190265,-33.85038850062963,691830970.9190265,-9.016550672998786
699841996.0023646,-33.96839290532683,699841996.0023646,-9.406577244124719
707945784.3842301,-34.08608483654183,707945784.3842301,-9.796060655431145
716143410.2129954,-34.20346598638178,716143410.2129954,-10.18489341607084
724435960.0750846,-34.32053782209195,724435960.0750846,-10.57296811363915
732824533.1389997,-34.43730159362866,732824533.1389997,-10.96017752828582
741310241.3010143,-34.55375834267042,741310241.3010143,-11.34641474074527
749894209.3325537,-34.66990891049414,749894209.3325537,-11.7315732371494
758577575.0292829,-34.78575394668108,758577575.0292829,-12.11554700983316
767361489.3619193,-34.90129391727105,767361489.3619193,-12.49823064992685
776247116.6287932,-35.01652911309358,776247116.6287932,-12.87951944187821
785235634.6101745,-35.13145965798412,785235634.6101745,-13.2593094453609
794328234.7243855,-35.24608551669073,794328234.7243855,-13.63749758055793
803526122.1857225,-35.36040650317814,803526122.1857225,-14.01398170279816
812830516.1642058,-35.47442228778895,812830516.1642058,-14.38866067809623
822242649.947179,-35.58813240531489,822242649.947179,-14.76143445222355
831763771.1027801,-35.70153626217498,831763771.1027801,-15.13220411302629
841395141.6453055,-35.81463314345636,841395141.6453055,-15.50087195658523
851138038.2024882,-35.92742221997916,851138038.2024882,-15.86734154133578
860993752.1847137,-36.03990255477611,860993752.1847137,-16.23151774498025
870963589.9561951,-36.15207310972237,870963589.9561951,-16.59330681228272
881048873.00813,-36.26393275129758,881048873.00813,-16.95261640480408
891250938.1338629,-36.37548025699073,891250938.1338629,-17.30935564404928
901571137.6060756,-36.48671432031692,901571137.6060756,-17.66343515268412
912010839.35603,-36.5976335567026,912010839.35603,-18.01476708985954
922571427.1548848,-36.70823650805381,922571427.1548848,-18.36326518974543
933254300.7971141,-36.81852164783448,933254300.7971141,-18.70884479248637
944060876.2860479,-36.92848738539517,944060876.2860479,-19.05142287116478
954992586.021562,-37.0381320703287,954992586.021562,-19.39091806103652
966050878.9899409,-37.14745399615754,966050878.9899409,-19.72725068376936
977237220.9559398,-37.25645140449019,977237220.9559398,-20.06034276643657
988553094.6570694,-37.36512248800977,988553094.6570694,-20.39011806305423
1000000000.000132,-37.4734653935867,1000000000.000132,-20.71650207350894
1011579454.260032,-37.58147822558043,1011579454.260032,-21.03942205529326
1023292992.28089,-37.6891590482281,1023292992.28089,-21.35880703845954
1035142166.679481,-37.7965058882105,1035142166.679481,-21.67458783542415
1047128548.051038,-37.90351673676297,1047128548.051038,-21.98669705163413
1059253725.177429,-38.01018955155058,1059253725.177429,-22.29506909424486
1071519305.237748,-38.11652225869595,1071519305.237748,-22.59964017523707
1083926914.021347,-38.22251275413267,1083926914.021347,-22.90034831790403
1096478196.143331,-38.32815890525068,1096478196.143331,-23.19713335753937
1109174815.262548,-38.43345855173502,1109174815.262548,-23.48993694622349
1122018454.302113,-38.53840950680093,1122018454.302113,-23.77870255004971
1135010815.672466,-38.64300955788345,1135010815.672466,-24.06337545124315
1148153621.497036,-38.74725646781016,1148153621.497036,-24.34390273967151
1161448613.840497,-38.85114797443393,1161448613.840497,-24.62023331934557
1174897554.939686,-38.95468179213017,1174897554.939686,-24.89231789427874
1188502227.437177,-39.05785561143838,1188502227.437177,-25.16010896790247
1202264434.617573,-39.16066709938296,1202264434.617573,-25.42356083656927
1216186000.64653,-39.26311389953082,1216186000.64653,-25.68262958292171
1230268770.812546,-39.36519363198847,1230268770.812546,-25.93727306730613
1244514611.771551,-39.46690389365116,1244514611.771551,-26.18745091573062
1258925411.794335,-39.56824225724253,1258925411.794335,-26.43312451986733
1273503081.016832,-39.66920627196528,1273503081.016832,-26.67425701662086
1288249551.693306,-39.76979346257386,1288249551.693306,-26.91081328506841
1303166778.452474,-39.87000132945396,1303166778.452474,-27.14275993197668
1318256738.556583,-39.96982734777225,1318256738.556583,-27.37006528362433
1333521432.163502,-40.06926896754308,1333521432.163502,-27.59269937054948
1348962882.591834,-40.16832361305953,1348962882.591834,-27.81063391783148
1364583136.589108,-40.26698868229094,1364583136.589108,-28.02384233173322
1380384264.60307,-40.36526154638522,1380384264.60307,-28.2322996903905
1396368361.056125,-40.46313954984634,1396368361.056125,-28.43598272251061
1412537544.622944,-40.5606200090001,1412537544.622944,-28.63486980717951
1428893958.511295,-40.65770021278556,1428893958.511295,-28.82894094708876
1445439770.746122,-40.7543774212735,1445439770.746122,-29.01817776672751
1462177174.456915,-40.85064886626959,1462177174.456915,-29.20256348994538
1479108388.168406,-40.94651175002397,1479108388.168406,-29.38208293409837
1496235656.094635,-41.04196324584444,1496235656.094635,-29.55672248986676
1513561248.436412,-41.13700049724932,1513561248.436412,-29.72647011173301
1531087461.682236,-41.23162061779138,1531087461.682236,-29.89131530576341
1548816618.91269,-41.32582069158872,1548816618.91269,-30.05124910890954
1566751070.10836,-41.41959777214428,1566751070.10836,-30.20626408588441
1584893192.461327,-41.51294888358422,1584893192.461327,-30.35635430509781
1603245390.690258,-41.60587101981295,1603245390.690258,-30.50151533331448
1621810097.359149,-41.69836114477939,1621810097.359149,-30.64174421978927
1640589773.199761,-41.79041619334176,1640589773.199761,-30.77703947984861
1659586907.437785,-41.88203307092229,1659586907.437785,-30.90740108600766
1678804018.122787,-41.97320865412799,1678804018.122787,-31.03283045295647
1698243652.461974,-42.06393979118637,1698243652.461974,-31.15333042551305
1717908387.157821,-42.15422330265979,1717908387.157821,-31.26890526456903
1737800828.749611,-42.24405598220568,1737800828.749611,-31.37956063310225
1757923613.958931,-42.33343459684627,1757923613.958931,-31.48530358832963
1778279410.039164,-42.42235588841751,1778279410.039164,-31.58614256369655
1798870915.129032,-42.51081657435886,1798870915.129032,-31.68208735867652
1819700858.610231,-42.59881334865781,1819700858.610231,-31.77314912589372
1840772001.469206,-42.68634288310496,1840772001.469206,-31.85934035920226
1862087136.663121,-42.77340182862916,1862087136.663121,-31.94067488126837
1883649089.490057,-42.8599868166434,1883649089.490057,-32.0171678299584
1905460717.963507,-42.94609446063032,1905460717.963507,-32.08883564667057
1927524913.191199,-43.0317213574122,1927524913.191199,-32.15569606622775
1949844599.758311,-43.11686408943746,1949844599.758311,-32.21776809944762
1972422736.115123,-43.20151922602307,1972422736.115123,-32.27507202572586
1995262314.969152,-43.2856833253442,1995262314.969152,-32.32762937961652
2018366363.681836,-43.36935293690349,2018366363.681836,-32.37546293514356
2041737944.669808,-43.45252460305698,2041737944.669808,-32.41859669727774
2065380155.810812,-43.53519486167406,2065380155.810812,-32.45705588694109
2089296130.854325,-43.61736024808057,2089296130.854325,-32.4908669287645
2113489039.836936,-43.69901729755611,2113489039.836936,-32.52005743995464
2137962089.502525,-43.78016254816218,2137962089.502525,-32.54465621310172
2162718523.727316,-43.86079254280517,2162718523.727316,-32.56469320686414
2187761623.949852,-43.9409038322512,2187761623.949852,-32.58019953073729
2213094709.605941,-44.02049297773267,2213094709.605941,-32.59120743126268
2238721138.568647,-44.09955655380883,2238721138.568647,-32.59775027915365
2264644307.59337,-44.1780911514421,2264644307.59337,-32.59986255226633
2290867652.768087,-44.25609338044665,2290867652.768087,-32.59757982616203
2317394649.968797,-44.33355987326571,2317394649.968797,-32.5909387530979
2344228815.320244,-44.41048728770088,2344228815.320244,-32.57997704990255
2371373705.661982,-44.48687230984361,2371373705.661982,-32.56473348421265
2398832919.019821,-44.56271165780544,2398832919.019821,-32.54524785419958
2426610095.08275,-44.63800208461912,2426610095.08275,-32.52156097572534
2454708915.685369,-44.71274038185413,2454708915.685369,-32.49371466251062
2483133105.295913,-44.78692338270591,2483133105.295913,-32.46175171109522
2511886431.509927,-44.86054796542145,2511886431.509927,-32.42571588327257
2540972705.549656,-44.93361105683347,2540972705.549656,-32.3856518860879
2570395782.769219,-45.00610963607457,2570395782.769219,-32.34160535169012
2600159563.165631,-45.07804073727964,2600159563.165631,-32.2936228233884
2630267991.895746,-45.14940145388346,2630267991.895746,-32.24175172964718
2660725059.799178,-45.22018894136995,2660725059.799178,-32.18604036983013
2691534803.927288,-45.29040042153915,2691534803.927288,-32.12653788545517
2722701308.078289,-45.36003318518709,2722701308.078289,-32.0632942469004
2754228703.338548,-45.42908459604519,2754228703.338548,-31.99636022617259
2786121168.630156,-45.4975520938672,2786121168.630156,-31.92578737722601
2818382931.264844,-45.56543319828039,2818382931.264844,-31.8516280092539
2851018267.504304,-45.63272551172248,2851018267.504304,-31.77393516606719
2884031503.127006,-45.69942672292534,2884031503.127006,-31.69276260124073
2917427014.001571,-45.76553461024095,2917427014.001571,-31.60816475107842
2951209226.666795,-45.83104704463533,2951209226.666795,-31.52019671279766
2985382618.918374,-45.89596199321255,2985382618.918374,-31.42891421447633
3019951720.402435,-45.96027752192861,3019951720.402435,-31.33437359130773
3054921113.215937,-46.02399179872378,3054921113.215937,-31.23663175829915
3090295432.514019,-46.08710309656165,3090295432.514019,-31.13574618081194
3126079367.124389,-46.14960979618986,3126079367.124389,-31.03177484770135
3162277660.168819,-46.21151038878656,3162277660.168819,-30.92477624363514
3198895109.691843,-46.27280347873598,3198895109.691843,-30.81480931810748
3235936569.296733,-46.33348778626213,3235936569.296733,-30.70193345576466
3273406948.788837,-46.39356214939625,3273406948.788837,-30.58620845037198
3311311214.826372,-46.45302552696766,3311311214.826372,-30.467694468762
3349654391.578743,-46.51187700031342,3349654391.578743,-30.34645202346864
3388441561.392498,-46.57011577533367,3388441561.392498,-30.22254194300708
3427677865.464982,-46.6277411847595,3427677865.464982,-30.09602533656072
3467368504.525801,-46.68475268985698,3467368504.525801,-29.96696356335526
3507518739.52617,-46.74114988165718,3507518739.52617,-29.83541820546619
3548133892.336251,-46.796932483174,3548133892.336251,-29.7014510283285
3589219346.450554,-46.85210035013086,3589219346.450554,-29.56512395501549
3630780547.701522,-46.90665347271587,3630780547.701522,-29.42649902871528
3672823004.981361,-46.9605919762929,3672823004.981361,-29.28563838358012
3715352290.972246,-47.01391612241831,3715352290.972246,-29.14260421155156
3758374042.884969,-47.06662630973175,3758374042.884969,-28.99745872797559
3801893963.206145,-47.11872307433721,3801893963.206145,-28.85026414192996
3845917820.454075,-47.17020709055618,3845917820.454075,-28.70108262041189
3890451449.943352,-47.22107917081708,3890451449.943352,-28.54997625943112
3935500754.558327,-47.27134026613152,3935500754.558327,-28.3970070494298
3981071705.535532,-47.32099146596013,3981071705.535532,-28.24223684306563
4027170343.255157,-47.37003399784606,4027170343.255157,-28.08572732606141
4073802778.0417,-47.4184692274133,4073802778.0417,-27.92753998152822
4120975190.973882,-47.46629865738416,4120975190.973882,-27.76773606391543
4168693834.703941,-47.51352392739442,4168693834.703941,-27.60637656322533
4216965034.286417,-47.56014681297601,4216965034.286417,-27.44352217633804
4265795188.016528,-47.6061692244142,4265795188.016528,-27.27923327902331
4315190768.27826,-47.6515932057489,4315190768.27826,-27.11356989472026
4365158322.402275,-47.69642093375352,4365158322.402275,-26.94659166329408
4415704473.533748,-47.74065471602069,4415704473.533748,-26.77835781755679
4466835921.510262,-47.78429698980571,4466835921.510262,-26.60892715125303
4518559443.749862,-47.82735032019008,4518559443.749862,-26.43835799269506
4570881896.149396,-47.86981739814598,4570881896.149396,-26.26670818046841
4623810213.993257,-47.91170103881452,4623810213.993257,-26.09403503383539
4677351412.872643,-47.95300417910957,4677351412.872643,-25.92039533148867
4731512589.615475,-47.99372987580931,4731512589.615475,-25.74584528348222
4786300923.227061,-48.03388130313537,4786300923.227061,-25.57044050893469
4841723675.84168,-48.07346175007756,4841723675.84168,-25.39423601607523
4897788193.685157,-48.11247461823275,4897788193.685157,-25.21728617515332
4954501908.048605,-48.15092341894371,4954501908.048605,-25.03964470058761
5011872336.273434,-48.188811770571,5011872336.273434,-24.86136463011802
5069907082.747763,-48.22614339586351,5069907082.747763,-24.68249830316667
5128613839.914376,-48.26292211863908,5128613839.914376,-24.50309734748534
5188000389.290348,-48.29915186130668,5188000389.290348,-24.3232126550505
5248074602.498471,-48.33483664139793,5248074602.498471,-24.142894370666
5308844442.310637,-48.36998056872184,5308844442.310637,-23.96219187263453
5370317963.70329,-48.40458784204239,5370317963.70329,-23.78115375990452
5432503314.925104,-48.43866274583966,5432503314.925104,-23.59982783822527
5495408738.577027,-48.4722096472927,5495408738.577027,-23.41826110348235
5559042572.704827,-48.50523299248281,5559042572.704827,-23.23649973651598
5623413251.904292,-48.53773730341445,5623413251.904292,-23.05458908672707
5688529308.439225,-48.56972717458472,5688529308.439225,-22.87257366264461
5754399373.37239,-48.60120726940934,5754399373.37239,-22.69049712503875
5821032177.709544,-48.63218231702328,5821032177.709544,-22.50840227566766
5888436553.556729,-48.66265710868738,5888436553.556729,-22.3263310520318
5956621435.290955,-48.69263649431012,5956621435.290955,-22.14432452174331
6025595860.744438,-48.72212537922198,6025595860.744438,-21.96242287350105
6095368972.402563,-48.75112872053079,6095368972.402563,-21.78066541598621
6165950018.615704,-48.77965152376997,6165950018.615704,-21.59909057238988
6237348354.825085,-48.8076988394818,6237348354.825085,-21.41773587844021
6309573444.802835,-48.83527575986656,6309573444.802835,-21.23663797868481
6382634861.906401,-48.86238741535817,6382634861.906401,-21.05583262709988
6456542290.34748,-48.88903897117145,6456542290.34748,-20.87535468761768
6531305526.475659,-48.91523562430095,6531305526.475659,-20.69523813035077
6606934480.076907,-48.94098259995666,6606934480.076907,-20.51551603688129
6683439175.687104,-48.9662851484309,6683439175.687104,-20.33622060095923
6760829753.920788,-48.99114854195808,6760829753.920788,-20.15738312999561
6839116472.815275,-49.01557807150833,6839116472.815275,-19.97903405003836
6918309709.190359,-49.03957904372747,6918309709.190359,-19.80120290865552
6998419960.023741,-49.06315677789721,6998419960.023741,-19.62391837998789
7079457843.842397,-49.08631660292328,7079457843.842397,-19.44720827090859
7161434102.13005,-49.10906385449744,7161434102.13005,-19.27109952490421
7244359600.750942,-49.13140387214423,7244359600.750942,-19.09561823082492
7328245331.390095,-49.15334199650933,7328245331.390095,-18.92078962785349
7413102413.010242,-49.17488356651649,7413102413.010242,-18.74663811584742
7498942093.325638,-49.1960339168719,7498942093.325638,-18.57318725973481
7585775750.292931,-49.21679837534101,7585775750.292931,-18.40045980098114
7673614893.619295,-49.23718226025553,7673614893.619295,-18.22847766591405
7762471166.288036,-49.25719087808581,7762471166.288036,-18.05726197469962
7852356346.101851,-49.27682952108376,7852356346.101851,-17.8868330508248
7943282347.243961,-49.2961034649243,7943282347.243961,-17.71721043251222
8035261221.857333,-49.3150179665313,8035261221.857333,-17.54841288217337
8128305161.642167,-49.33357826191484,8128305161.642167,-17.38045839750127
8222426499.4719,-49.35178956404543,8222426499.4719,-17.21336422378187
8317637711.027913,-49.36965706093623,8317637711.027913,-17.04714686329983
8413951416.453169,-49.38718591364727,8413951416.453169,-16.881822089173
8511380382.024998,-49.40438125448168,8511380382.024998,-16.71740495553504
8609937521.847254,-49.4212481852606,8609937521.847254,-16.5539098096157
8709635899.562069,-49.43779177544382,8709635899.562069,-16.39135030700617
8810488730.081419,-49.45401706073989,8810488730.081419,-16.22973941988074
8912509381.338749,-49.46992904137629,8912509381.338749,-16.06908945316352
9015711376.060879,-49.48553268069811,9015711376.060879,-15.90941205579897
9120108393.560423,-49.50083290385181,9120108393.560423,-15.75071823212814
9225714271.548973,-49.51583459627332,9225714271.548973,-15.59301835811048
9332543007.971268,-49.53054260257672,9332543007.971268,-15.43632219162569
9440608762.860607,-49.54496172528378,9440608762.860607,-15.28063888735007
9549925860.21575,-49.55909672376754,9549925860.21575,-15.12597700831399
9660508789.89954,-49.57295231317572,9660508789.89954,-14.97234453934781
9772372209.55953,-49.58653316339511,9772372209.55953,-14.8197489019507
9885530946.570829,-49.59984389825293,9885530946.570829,-14.66819696416837
10000000000,-49.61288909449227,10000000000,-14.51769505740625
